BEGIN;

CREATE TABLE users(
	id INTEGER NOT NULL GENERATED BY DEFAULT AS IDENTITY ( INCREMENT 1 START 1 MINVALUE 1 MAXVALUE 2147483647 CACHE 1 ),
	email CHARACTER VARYING(150) NOT NULL,
	password CHARACTER VARYING(25) NOT NULL,
	CONSTRAINT pk_users PRIMARY KEY (id),
	CONSTRAINT uk_users_email UNIQUE (email)
);

CREATE TABLE company_staffs(
	user_id INTEGER NOT NULL,
	first_name CHARACTER VARYING(50) NOT NULL,
	last_name CHARACTER VARYING(50) NOT NULL,
	CONSTRAINT pk_company_staffs PRIMARY KEY (user_id),
	CONSTRAINT fk_company_staffs_users FOREIGN KEY (user_id) REFERENCES users (id)
);

CREATE TABLE candidates(
	user_id INTEGER NOT NULL,
	first_name CHARACTER VARYING(50) NOT NULL,
	last_name CHARACTER VARYING(50) NOT NULL,
	identity_number CHARACTER(11) NOT NULL,
	date_of_birth DATE NOT NULL,
	CONSTRAINT pk_candidates PRIMARY KEY (user_id),
	CONSTRAINT fk_candidates_users FOREIGN KEY (user_id) REFERENCES users (id),
	CONSTRAINT uk_candidates_identity_number UNIQUE (identity_number)
);

CREATE TABLE employers(
	user_id INTEGER NOT NULL,
	company_name CHARACTER VARYING(150) NOT NULL,
	web_address CHARACTER VARYING(150) NOT NULL,
	phone_number CHARACTER(15) NOT NULL,
	CONSTRAINT pk_employers PRIMARY KEY (user_id),
	CONSTRAINT fk_employers_users FOREIGN KEY (user_id) REFERENCES users (id)
);

CREATE TABLE updated_employers(
	id INTEGER NOT NULL GENERATED BY DEFAULT AS IDENTITY ( INCREMENT 1 START 1 MINVALUE 1 MAXVALUE 2147483647 CACHE 1 ),
	employer_id INTEGER NOT NULL,
	email CHARACTER VARYING(150) NOT NULL,
	password CHARACTER VARYING(25) NOT NULL,
	company_name CHARACTER VARYING(150) NOT NULL,
	web_address CHARACTER VARYING(150) NOT NULL,
	phone_number CHARACTER(15) NOT NULL,
	CONSTRAINT pk_updated_employers PRIMARY KEY (id),
	CONSTRAINT fk_updated_employers_employers FOREIGN KEY (employer_id) REFERENCES employers (user_id)
);

CREATE TABLE user_activations(
	id INTEGER NOT NULL GENERATED BY DEFAULT AS IDENTITY ( INCREMENT 1 START 1 MINVALUE 1 MAXVALUE 2147483647 CACHE 1 ),
	user_id INTEGER NOT NULL,
	code CHARACTER VARYING(50) NOT NULL,
	is_activated BOOLEAN NOT NULL,
	is_activated_date TIMESTAMP WITH TIME ZONE NOT NULL,
	CONSTRAINT pk_user_activations PRIMARY KEY (id),
	CONSTRAINT fk_user_activations_users FOREIGN KEY (user_id) REFERENCES users (id),
	CONSTRAINT uk_user_activations_user_id UNIQUE (user_id),
	CONSTRAINT uk_user_activations_code UNIQUE (code)
);

CREATE TABLE user_confirmation_types(
	id INTEGER NOT NULL GENERATED BY DEFAULT AS IDENTITY ( INCREMENT 1 START 1 MINVALUE 1 MAXVALUE 2147483647 CACHE 1 ),
	type CHARACTER VARYING(50) NOT NULL,
	CONSTRAINT pk_user_confirmation_types PRIMARY KEY (id)
);

CREATE TABLE user_confirmations(
	id INTEGER NOT NULL GENERATED BY DEFAULT AS IDENTITY ( INCREMENT 1 START 1 MINVALUE 1 MAXVALUE 2147483647 CACHE 1 ),
	user_id INTEGER NOT NULL,
	company_staff_id INTEGER NOT NULL,
	user_confirmation_type_id INTEGER NOT NULL,
	is_confirmed BOOLEAN NOT NULL,
	is_confirmed_date TIMESTAMP WITH TIME ZONE NOT NULL,
	CONSTRAINT pk_user_confirmations PRIMARY KEY (id),
	CONSTRAINT fk_user_confirmations_users FOREIGN KEY (user_id) REFERENCES users (id),
	CONSTRAINT fk_user_confirmations_company_staffs FOREIGN KEY (company_staff_id) REFERENCES company_staffs (user_id),
	CONSTRAINT fk_user_confirmations_user_confirmation_types FOREIGN KEY (user_confirmation_type_id) REFERENCES user_confirmation_types (id)
);

CREATE TABLE job_titles(
	id INTEGER NOT NULL GENERATED BY DEFAULT AS IDENTITY ( INCREMENT 1 START 1 MINVALUE 1 MAXVALUE 2147483647 CACHE 1 ),
	title CHARACTER VARYING(150) NOT NULL,
	CONSTRAINT pk_job_titles PRIMARY KEY (id),
	CONSTRAINT uk_job_titles_title UNIQUE (title)
);

CREATE TABLE cities(
	id INTEGER NOT NULL GENERATED BY DEFAULT AS IDENTITY ( INCREMENT 1 START 1 MINVALUE 1 MAXVALUE 2147483647 CACHE 1 ),
	city CHARACTER VARYING(50) NOT NULL,
	CONSTRAINT pk_cities PRIMARY KEY (id),
	CONSTRAINT uk_cities_city UNIQUE (city)
);

CREATE TABLE working_times(
	id INTEGER NOT NULL GENERATED BY DEFAULT AS IDENTITY ( INCREMENT 1 START 1 MINVALUE 1 MAXVALUE 2147483647 CACHE 1 ),
	time CHARACTER VARYING(50) NOT NULL,
	CONSTRAINT pk_working_times PRIMARY KEY (id),
	CONSTRAINT uk_working_times_time UNIQUE (time)
);

CREATE TABLE working_types(
	id INTEGER NOT NULL GENERATED BY DEFAULT AS IDENTITY ( INCREMENT 1 START 1 MINVALUE 1 MAXVALUE 2147483647 CACHE 1 ),
	type CHARACTER VARYING(50) NOT NULL,
	CONSTRAINT pk_working_types PRIMARY KEY (id),
	CONSTRAINT uk_working_types_type UNIQUE (type)
);

CREATE TABLE job_postings(
	id INTEGER NOT NULL GENERATED BY DEFAULT AS IDENTITY ( INCREMENT 1 START 1 MINVALUE 1 MAXVALUE 2147483647 CACHE 1 ),
	employer_id INTEGER NOT NULL,
	job_title_id INTEGER NOT NULL,
	city_id INTEGER NOT NULL,
	working_time_id INTEGER NOT NULL,
	working_type_id INTEGER NOT NULL,
	job_description CHARACTER VARYING(2300) NOT NULL,
	number_of_open_positions INTEGER NOT NULL,
	salary_min CHARACTER VARYING(50),
	salary_max CHARACTER VARYING(50),
	posting_date TIMESTAMP WITH TIME ZONE NOT NULL,
	closing_date TIMESTAMP WITH TIME ZONE NOT NULL,
	is_active BOOLEAN NOT NULL,
	CONSTRAINT pk_job_postings PRIMARY KEY (id),
	CONSTRAINT fk_job_postings_employers FOREIGN KEY (employer_id) REFERENCES employers (user_id),
	CONSTRAINT fk_job_postings_job_titles FOREIGN KEY (job_title_id) REFERENCES job_titles (id),
	CONSTRAINT fk_job_postings_cities FOREIGN KEY (city_id) REFERENCES cities (id),
	CONSTRAINT fk_job_postings_working_times FOREIGN KEY (working_time_id) REFERENCES working_times (id),
	CONSTRAINT fk_job_postings_working_types FOREIGN KEY (working_type_id) REFERENCES working_types (id)
);

CREATE TABLE job_posting_confirmation_types(
	id INTEGER NOT NULL GENERATED BY DEFAULT AS IDENTITY ( INCREMENT 1 START 1 MINVALUE 1 MAXVALUE 2147483647 CACHE 1 ),
	type CHARACTER VARYING(50) NOT NULL,
	CONSTRAINT pk_job_posting_confirmation_types PRIMARY KEY (id)
);

CREATE TABLE job_posting_confirmations(
	id INTEGER NOT NULL GENERATED BY DEFAULT AS IDENTITY ( INCREMENT 1 START 1 MINVALUE 1 MAXVALUE 2147483647 CACHE 1 ),
	job_posting_id INTEGER NOT NULL,
	company_staff_id INTEGER NOT NULL,
	job_posting_confirmation_type_id INTEGER NOT NULL,
	is_confirmed BOOLEAN NOT NULL,
	is_confirmed_date TIMESTAMP WITH TIME ZONE NOT NULL,
	CONSTRAINT pk_job_posting_confirmations PRIMARY KEY (id),
	CONSTRAINT fk_job_posting_confirmations_job_postings FOREIGN KEY (job_posting_id) REFERENCES job_postings (id),
	CONSTRAINT fk_job_posting_confirmations_company_staffs FOREIGN KEY (company_staff_id) REFERENCES company_staffs (user_id),
	CONSTRAINT fk_job_posting_confirmations_job_posting_confirmation_types FOREIGN KEY (job_posting_confirmation_type_id) REFERENCES job_posting_confirmation_types (id)
);

CREATE TABLE favorite_job_postings(
	id INTEGER NOT NULL GENERATED BY DEFAULT AS IDENTITY ( INCREMENT 1 START 1 MINVALUE 1 MAXVALUE 2147483647 CACHE 1 ),
	job_posting_id INTEGER NOT NULL,
	candidate_id INTEGER NOT NULL,
	date_of_add_to_favorites TIMESTAMP WITH TIME ZONE NOT NULL,
	CONSTRAINT pk_favorite_job_postings PRIMARY KEY (id),
	CONSTRAINT fk_favorite_job_postings_job_postings FOREIGN KEY (job_posting_id) REFERENCES job_postings (id),
	CONSTRAINT fk_favorite_job_postings_candidates FOREIGN KEY (candidate_id) REFERENCES candidates (user_id),
	CONSTRAINT uk_favorite_job_postings_job_posting_id_candidate_id UNIQUE (job_posting_id, candidate_id)
);

CREATE TABLE images(
	id INTEGER NOT NULL GENERATED BY DEFAULT AS IDENTITY ( INCREMENT 1 START 1 MINVALUE 1 MAXVALUE 2147483647 CACHE 1 ),
	user_id INTEGER NOT NULL,
	url CHARACTER VARYING(150) NOT NULL,
	CONSTRAINT pk_pictures PRIMARY KEY (id),
	CONSTRAINT fk_pictures_users FOREIGN KEY (user_id) REFERENCES users (id)
);

CREATE TABLE cover_letters(
	id INTEGER NOT NULL GENERATED BY DEFAULT AS IDENTITY ( INCREMENT 1 START 1 MINVALUE 1 MAXVALUE 2147483647 CACHE 1 ),
	candidate_id INTEGER NOT NULL,
	name CHARACTER VARYING(50) NOT NULL,
	content CHARACTER VARYING(1150) NOT NULL,
	CONSTRAINT pk_cover_letters PRIMARY KEY (id),
	CONSTRAINT fk_cover_letters_candidates FOREIGN KEY (candidate_id) REFERENCES candidates (user_id)
);

CREATE TABLE resumes(
	id INTEGER NOT NULL GENERATED BY DEFAULT AS IDENTITY ( INCREMENT 1 START 1 MINVALUE 1 MAXVALUE 2147483647 CACHE 1 ),
	candidate_id INTEGER NOT NULL,
	cover_letter_id INTEGER,
	creation_date TIMESTAMP WITH TIME ZONE NOT NULL,
	CONSTRAINT pk_resumes PRIMARY KEY (id),
	CONSTRAINT fk_resumes_candidates FOREIGN KEY (candidate_id) REFERENCES candidates (user_id),
	CONSTRAINT fk_resumes_cover_letters FOREIGN KEY (cover_letter_id) REFERENCES cover_letters (id)
);

CREATE TABLE educations(
	id INTEGER NOT NULL GENERATED BY DEFAULT AS IDENTITY ( INCREMENT 1 START 1 MINVALUE 1 MAXVALUE 2147483647 CACHE 1 ),
	resume_id INTEGER NOT NULL,
	name_of_educational_institution CHARACTER VARYING(150) NOT NULL,
	department CHARACTER VARYING(150) NOT NULL,
	degree CHARACTER VARYING(50) NOT NULL,
	starting_date DATE NOT NULL,
	graduation_date DATE,
	CONSTRAINT pk_educations PRIMARY KEY (id),
	CONSTRAINT fk_educations_resumes FOREIGN KEY (resume_id) REFERENCES resumes (id)
);

CREATE TABLE experiences(
	id INTEGER NOT NULL GENERATED BY DEFAULT AS IDENTITY ( INCREMENT 1 START 1 MINVALUE 1 MAXVALUE 2147483647 CACHE 1 ),
	resume_id INTEGER NOT NULL,
	job_title_id INTEGER NOT NULL,
	company_name CHARACTER VARYING(150) NOT NULL,
	starting_date DATE NOT NULL,
	termination_date DATE,
	CONSTRAINT pk_experiences PRIMARY KEY (id),
	CONSTRAINT fk_experiences_resumes FOREIGN KEY (resume_id) REFERENCES resumes (id),
	CONSTRAINT fk_experiences_job_titles FOREIGN KEY (job_title_id) REFERENCES job_titles (id)
);

CREATE TABLE languages(
	id INTEGER NOT NULL GENERATED BY DEFAULT AS IDENTITY ( INCREMENT 1 START 1 MINVALUE 1 MAXVALUE 2147483647 CACHE 1 ),
	language CHARACTER VARYING(50) NOT NULL,
	CONSTRAINT pk_languages PRIMARY KEY (id),
	CONSTRAINT uk_languages_language UNIQUE (language)
);

CREATE TABLE levels(
	id INTEGER NOT NULL GENERATED BY DEFAULT AS IDENTITY ( INCREMENT 1 START 1 MINVALUE 1 MAXVALUE 2147483647 CACHE 1 ),
	level CHARACTER VARYING(50) NOT NULL,
	CONSTRAINT pk_levels PRIMARY KEY (id),
	CONSTRAINT uk_levels_level UNIQUE (level)
);

CREATE TABLE language_levels(
	id INTEGER NOT NULL GENERATED BY DEFAULT AS IDENTITY ( INCREMENT 1 START 1 MINVALUE 1 MAXVALUE 2147483647 CACHE 1 ),
	resume_id INTEGER NOT NULL,
	language_id INTEGER NOT NULL,
	level_id INTEGER NOT NULL,
	CONSTRAINT pk_language_levels PRIMARY KEY (id),
	CONSTRAINT fk_language_levels_resumes FOREIGN KEY (resume_id) REFERENCES resumes (id),
	CONSTRAINT fk_language_levels_languages FOREIGN KEY (language_id) REFERENCES languages (id),
	CONSTRAINT fk_language_levels_levels FOREIGN KEY (level_id) REFERENCES levels (id)
);

CREATE TABLE link_names(
	id INTEGER NOT NULL GENERATED BY DEFAULT AS IDENTITY ( INCREMENT 1 START 1 MINVALUE 1 MAXVALUE 2147483647 CACHE 1 ),
	name CHARACTER VARYING(50) NOT NULL,
	CONSTRAINT pk_link_names PRIMARY KEY (id)
);

CREATE TABLE links(
	id INTEGER NOT NULL GENERATED BY DEFAULT AS IDENTITY ( INCREMENT 1 START 1 MINVALUE 1 MAXVALUE 2147483647 CACHE 1 ),
	resume_id INTEGER NOT NULL,
	link_name_id INTEGER NOT NULL,
	url CHARACTER VARYING(150) NOT NULL,
	CONSTRAINT pk_links PRIMARY KEY (id),
	CONSTRAINT fk_links_resumes FOREIGN KEY (resume_id) REFERENCES resumes (id),
	CONSTRAINT fk_links_link_names FOREIGN KEY (link_name_id) REFERENCES link_names (id)
);

CREATE TABLE skills(
	id INTEGER NOT NULL GENERATED BY DEFAULT AS IDENTITY ( INCREMENT 1 START 1 MINVALUE 1 MAXVALUE 2147483647 CACHE 1 ),
	resume_id INTEGER NOT NULL,
	skill CHARACTER VARYING(150) NOT NULL,
	CONSTRAINT pk_skills PRIMARY KEY (id),
	CONSTRAINT fk_skills_resumes FOREIGN KEY (resume_id) REFERENCES resumes (id)
);

INSERT INTO users VALUES (DEFAULT, 'merveucer08@gmail.com', 1234567);
INSERT INTO users VALUES (DEFAULT, 'elliot.fu@gmail.com', 1234567);
INSERT INTO users VALUES (DEFAULT, 'veronika.ossi@gmail.com', 1234567);
INSERT INTO users VALUES (DEFAULT, 'steve.jobes@gmail.com', 1234567);
INSERT INTO users VALUES (DEFAULT, 'chris.davies@gmail.com', 1234567);
INSERT INTO users VALUES (DEFAULT, 'christian.rocha@gmail.com', 1234567);
INSERT INTO users VALUES (DEFAULT, 'zoe.jones@gmail.com', 1234567);
INSERT INTO users VALUES (DEFAULT, 'laura.faucet@gmail.com', 1234567);
INSERT INTO users VALUES (DEFAULT, 'justen.kitsune@gmail.com', 1234567);
INSERT INTO users VALUES (DEFAULT, 'rachel.wilson@gmail.com', 1234567);
INSERT INTO users VALUES (DEFAULT, 'helen.troy@gmail.com', 1234567);
INSERT INTO users VALUES (DEFAULT, 'molly.malone@gmail.com', 1234567);
INSERT INTO users VALUES (DEFAULT, 'joe.henderson@gmail.com', 1234567);
INSERT INTO users VALUES (DEFAULT, 'stevie.feliciano@gmail.com', 1234567);
INSERT INTO users VALUES (DEFAULT, 'jenny.hess@gmail.com', 1234567);
INSERT INTO users VALUES (DEFAULT, 'matthew.brown@gmail.com', 1234567);
INSERT INTO users VALUES (DEFAULT, 'daniel.louise@gmail.com', 1234567);
INSERT INTO users VALUES (DEFAULT, 'info@progresssoftware.com', 1234567);
INSERT INTO users VALUES (DEFAULT, 'info@reusable.com', 1234567);
INSERT INTO users VALUES (DEFAULT, 'info@theintegrated.com', 1234567);
INSERT INTO users VALUES (DEFAULT, 'info@specialprogramming.com', 1234567);
INSERT INTO users VALUES (DEFAULT, 'info@solid.com', 1234567);
INSERT INTO users VALUES (DEFAULT, 'info@computinggroup.com', 1234567);
INSERT INTO users VALUES (DEFAULT, 'info@orientedapplications.com', 1234567);
INSERT INTO users VALUES (DEFAULT, 'info@operationalinformatics.com', 1234567);
INSERT INTO users VALUES (DEFAULT, 'info@terminaltech.com', 1234567);
INSERT INTO users VALUES (DEFAULT, 'info@lntemet.com', 1234567);
INSERT INTO users VALUES (DEFAULT, 'info@internalhomepage.com', 1234567);
INSERT INTO users VALUES (DEFAULT, 'info@specificserver.com', 1234567);
INSERT INTO users VALUES (DEFAULT, 'info@interactivewebpages.com.com', 1234567);
INSERT INTO users VALUES (DEFAULT, 'info@systematic.com', 1234567);
INSERT INTO users VALUES (DEFAULT, 'info@cybernetics.com', 1234567);

INSERT INTO company_staffs VALUES (1, 'Merve', 'Üçer');

INSERT INTO candidates VALUES (2, 'Elliot', 'Fu', 02222222222, '1981-01-01');
INSERT INTO candidates VALUES (3, 'Veronika', 'Ossi', 03333333333, '1982-02-02');
INSERT INTO candidates VALUES (4, 'Steve', 'Jobes', 04444444444, '1983-03-03');
INSERT INTO candidates VALUES (5, 'Chris', 'Davies', 05555555555, '1980-01-01');
INSERT INTO candidates VALUES (6, 'Christian', 'Rocha', 06666666666, '1984-04-04');
INSERT INTO candidates VALUES (7, 'Zoe', 'Jones', 07777777777, '1980-01-01');
INSERT INTO candidates VALUES (8, 'Laura', 'Faucet', 08888888888, '1985-05-05');
INSERT INTO candidates VALUES (9, 'Justen', 'Kitsune', 09999999999, '1986-06-06');
INSERT INTO candidates VALUES (10, 'Rachel', 'Wilson', 10000000000, '1980-01-01');
INSERT INTO candidates VALUES (11, 'Helen', 'Troy', 11111111111, '1987-07-07');
INSERT INTO candidates VALUES (12, 'Molly', 'Malone', 12222222222, '1988-08-08');
INSERT INTO candidates VALUES (13, 'Joe', 'Henderson', 13333333333, '1989-09-09');
INSERT INTO candidates VALUES (14, 'Stevie', 'Feliciano', 14444444444, '1990-10-10');
INSERT INTO candidates VALUES (15, 'Jenny', 'Hess', 15555555555, '1991-11-11');
INSERT INTO candidates VALUES (16, 'Matthew', 'Brown', 16666666666, '1980-01-01');
INSERT INTO candidates VALUES (17, 'Daniel', 'Louise', 17777777777, '1992-12-12');

INSERT INTO employers VALUES (18, 'Progress Software', 'progresssoftware.com', 4444444);
INSERT INTO employers VALUES (19, 'Reusable', 'reusable.com', 4444444);
INSERT INTO employers VALUES (20, 'The Integrated', 'theintegrated.com', 4444444);
INSERT INTO employers VALUES (21, 'Special Programming Co', 'specialprogramming.com', 4444444);
INSERT INTO employers VALUES (22, 'Solid', 'solid.com', 4444444);
INSERT INTO employers VALUES (23, 'Computing Group', 'computinggroup.com', 4444444);
INSERT INTO employers VALUES (24, 'Oriented Applications Collective', 'orientedapplications.com', 4444444);
INSERT INTO employers VALUES (25, 'The Operational Informatics', 'operationalinformatics.com', 4444444);
INSERT INTO employers VALUES (26, 'Terminal Tech', 'terminaltech.com', 4444444);
INSERT INTO employers VALUES (27, 'Lntemet', 'lntemet.com', 4444444);
INSERT INTO employers VALUES (28, 'Internal Homepage', 'internalhomepage.com', 4444444);
INSERT INTO employers VALUES (29, 'Specific Server', 'specificserver.com', 4444444);
INSERT INTO employers VALUES (30, 'Interactive Webpages Co', 'interactivewebpages.com', 4444444);
INSERT INTO employers VALUES (31, 'Systematic', 'systematic.com', 4444444);
INSERT INTO employers VALUES (32, 'The Cybernetics', 'cybernetics.com', 4444444);

INSERT INTO updated_employers VALUES (DEFAULT, 19, 'info@reusable.com', 1234567, 'Reusable', 'reusable.com', 7777777);
INSERT INTO updated_employers VALUES (DEFAULT, 23, 'info@computinggroup.com', 1234567, 'Computing Group', 'computinggroup.com', 7777777);
INSERT INTO updated_employers VALUES (DEFAULT, 26, 'info@terminaltech', 1234567, 'Terminal Tech', 'terminaltech.com', 7777777);

INSERT INTO user_activations VALUES (DEFAULT, 2, '2dc12fe4-8c17-4d55-8639-c222902b1a1e', true, '2021-07-01T00:01:01.010101');
INSERT INTO user_activations VALUES (DEFAULT, 3, 'efc767fc-a7e3-40a0-bfe8-6daca25f8518', true, '2021-07-02T00:01:01.010101');
INSERT INTO user_activations VALUES (DEFAULT, 4, '2d102b01-2f3e-4e10-8802-dee7fffb4b8e', true, '2021-07-03T00:01:01.010101');
INSERT INTO user_activations VALUES (DEFAULT, 5, 'f62aff76-3f23-45af-8b0f-0090c47119b0', true, '2021-07-04T00:01:01.010101');
INSERT INTO user_activations VALUES (DEFAULT, 6, '9d2d52da-5a0c-411b-99c4-b91f7cf9eac4', true, '2021-07-05T00:01:01.010101');
INSERT INTO user_activations VALUES (DEFAULT, 7, '6f5af614-7e49-462a-9247-056573d441cb', true, '2021-07-06T00:01:01.010101');
INSERT INTO user_activations VALUES (DEFAULT, 8, '4d1e6244-ace6-4a86-96e4-dc6a81204db4', true, '2021-07-07T00:01:01.010101');
INSERT INTO user_activations VALUES (DEFAULT, 9, '0c491201-1c0e-44c8-b55b-efe647b6c869', true, '2021-07-08T00:01:01.010101');
INSERT INTO user_activations VALUES (DEFAULT, 10, '63202bac-d13a-4b5c-82ff-00cbcac4039b', true, '2021-07-09T00:01:01.010101');
INSERT INTO user_activations VALUES (DEFAULT, 11, '69780221-0de9-4c6a-94aa-dbcb7efd13b7', true, '2021-07-10T00:01:01.010101');
INSERT INTO user_activations VALUES (DEFAULT, 12, '3e2104d2-bf52-4ee0-8381-6a897fff54a2', true, '2021-07-11T00:01:01.010101');
INSERT INTO user_activations VALUES (DEFAULT, 13, '451e8e5c-b7ef-4b9b-b0b9-9e74decf955a', true, '2021-07-12T00:01:01.010101');
INSERT INTO user_activations VALUES (DEFAULT, 14, '5d056b57-6763-48d6-9273-7282f71c3b44', true, '2021-07-13T00:01:01.010101');
INSERT INTO user_activations VALUES (DEFAULT, 15, 'b03460de-55f7-4520-bc45-fe86444ae455', true, '2021-07-14T00:01:01.010101');
INSERT INTO user_activations VALUES (DEFAULT, 16, '5bfce198-d7df-4b1c-b824-a5be5e6cca1a', true, '2021-07-15T00:01:01.010101');
INSERT INTO user_activations VALUES (DEFAULT, 17, '57e263af-73fd-4908-8e1a-427eb6cb3c78', true, '2021-07-16T00:01:01.010101');
INSERT INTO user_activations VALUES (DEFAULT, 18, 'e54831ed-a1ec-4852-bc6f-efc68d38dde2', true, '2021-07-17T00:01:01.010101');
INSERT INTO user_activations VALUES (DEFAULT, 19, '4355c98a-a52c-4ded-b294-fc685930be96', true, '2021-07-18T00:01:01.010101');
INSERT INTO user_activations VALUES (DEFAULT, 20, 'b0f221b5-ecdd-49b7-a686-5576a98cf2b6', true, '2021-07-19T00:01:01.010101');
INSERT INTO user_activations VALUES (DEFAULT, 21, '97d17730-1caa-4b59-8fa8-e7a8e5d78b2e', true, '2021-07-20T00:01:01.010101');
INSERT INTO user_activations VALUES (DEFAULT, 22, 'aa1a349e-e84f-43e0-9d15-a835b134dd7a', true, '2021-07-21T00:01:01.010101');
INSERT INTO user_activations VALUES (DEFAULT, 23, '4755642c-b4e4-4c35-8263-bbf5c4cb3059', true, '2021-07-22T00:01:01.010101');
INSERT INTO user_activations VALUES (DEFAULT, 24, 'eae11df5-9790-4f16-a183-9dc6e1ee6287', true, '2021-07-23T00:01:01.010101');
INSERT INTO user_activations VALUES (DEFAULT, 25, '959d8b41-9526-4b7c-b4f0-6bced24bc25e', true, '2021-07-24T00:01:01.010101');
INSERT INTO user_activations VALUES (DEFAULT, 26, '8efe5740-8894-4784-91f7-08e21804a450', true, '2021-07-25T00:01:01.010101');
INSERT INTO user_activations VALUES (DEFAULT, 27, '9a6fce9f-1da3-4a88-9eb3-1731129804bc', true, '2021-07-26T00:01:01.010101');
INSERT INTO user_activations VALUES (DEFAULT, 28, 'ed566c85-5b00-4053-9d4e-41c3dcc6a549', true, '2021-07-27T00:01:01.010101');
INSERT INTO user_activations VALUES (DEFAULT, 29, '8683d833-b7b5-4ccc-b032-35b9336466dc', true, '2021-07-28T00:01:01.010101');
INSERT INTO user_activations VALUES (DEFAULT, 30, 'f79a3abd-8e11-4ddc-9d58-0385f4a7c91b', true, '2021-07-29T00:01:01.010101');
INSERT INTO user_activations VALUES (DEFAULT, 31, 'adb8e667-450a-4e82-8a19-feb272e42323', true, '2021-07-30T00:01:01.010101');
INSERT INTO user_activations VALUES (DEFAULT, 32, '95dfa41c-72fa-478f-96cf-8ab68e6fbd83', true, '2021-07-31T00:01:01.010101');

INSERT INTO user_confirmation_types VALUES (DEFAULT, 'Account Confirmation');
INSERT INTO user_confirmation_types VALUES (DEFAULT, 'Update Confirmation');

INSERT INTO user_confirmations VALUES (DEFAULT, 18, 1, 1, true, '2021-07-18T00:00:01.010101');
INSERT INTO user_confirmations VALUES (DEFAULT, 19, 1, 1, true, '2021-07-19T00:00:01.010101');
INSERT INTO user_confirmations VALUES (DEFAULT, 20, 1, 1, true, '2021-07-20T00:00:01.010101');
INSERT INTO user_confirmations VALUES (DEFAULT, 21, 1, 1, true, '2021-07-21T00:00:01.010101');
INSERT INTO user_confirmations VALUES (DEFAULT, 22, 1, 1, true, '2021-07-22T00:00:01.010101');
INSERT INTO user_confirmations VALUES (DEFAULT, 23, 1, 1, true, '2021-07-23T00:00:01.010101');
INSERT INTO user_confirmations VALUES (DEFAULT, 24, 1, 1, true, '2021-07-24T00:00:01.010101');
INSERT INTO user_confirmations VALUES (DEFAULT, 25, 1, 1, true, '2021-07-25T00:00:01.010101');
INSERT INTO user_confirmations VALUES (DEFAULT, 26, 1, 1, true, '2021-07-26T00:00:01.010101');
INSERT INTO user_confirmations VALUES (DEFAULT, 27, 1, 1, true, '2021-07-27T00:00:01.010101');
INSERT INTO user_confirmations VALUES (DEFAULT, 28, 1, 1, true, '2021-07-28T00:00:01.010101');
INSERT INTO user_confirmations VALUES (DEFAULT, 29, 1, 1, true, '2021-07-29T00:00:01.010101');

INSERT INTO job_titles VALUES (DEFAULT, 'Software Developer');
INSERT INTO job_titles VALUES (DEFAULT, 'Software Architect');
INSERT INTO job_titles VALUES (DEFAULT, 'Software Engineer');
INSERT INTO job_titles VALUES (DEFAULT, 'Front-end Developer');
INSERT INTO job_titles VALUES (DEFAULT, 'Data Science Engineer');
INSERT INTO job_titles VALUES (DEFAULT, 'Machine Learning Engineer');
INSERT INTO job_titles VALUES (DEFAULT, 'Unity Developer');
INSERT INTO job_titles VALUES (DEFAULT, 'UI/UX Designer');
INSERT INTO job_titles VALUES (DEFAULT, 'Database Administrator');
INSERT INTO job_titles VALUES (DEFAULT, 'Process Engineer');
INSERT INTO job_titles VALUES (DEFAULT, 'Cryptographer');
INSERT INTO job_titles VALUES (DEFAULT, 'Game Developer');

INSERT INTO cities VALUES (DEFAULT, 'İstanbul');
INSERT INTO cities VALUES (DEFAULT, 'Ankara');
INSERT INTO cities VALUES (DEFAULT, 'İzmir');
INSERT INTO cities VALUES (DEFAULT, 'Bursa');
INSERT INTO cities VALUES (DEFAULT, 'Antalya');
INSERT INTO cities VALUES (DEFAULT, 'Adana');
INSERT INTO cities VALUES (DEFAULT, 'Konya');
INSERT INTO cities VALUES (DEFAULT, 'Samsun');
INSERT INTO cities VALUES (DEFAULT, 'Kayseri');
INSERT INTO cities VALUES (DEFAULT, 'Eskişehir');
INSERT INTO cities VALUES (DEFAULT, 'Muğla');
INSERT INTO cities VALUES (DEFAULT, 'Çanakkale');

INSERT INTO working_times VALUES (DEFAULT, 'Full Time');
INSERT INTO working_times VALUES (DEFAULT, 'Part Time');

INSERT INTO working_types VALUES (DEFAULT, 'In Office');
INSERT INTO working_types VALUES (DEFAULT, 'Remote');

INSERT INTO job_postings VALUES (DEFAULT, 18, 1, 1, 2, 2, 'Lorem ipsum dolor sit amet, consectetur adipiscing elit, sed do eiusmod tempor incididunt ut labore et dolore magna aliqua. Enim diam vulputate ut pharetra. Eu scelerisque felis imperdiet proin fermentum leo vel. Eget mauris pharetra et ultrices neque ornare. Leo a diam sollicitudin tempor id eu nisl. Sed tempus urna et pharetra. Faucibus nisl tincidunt eget nullam non nisi est. Non nisi est sit amet facilisis. Suspendisse faucibus interdum posuere lorem ipsum. At elementum eu facilisis sed odio. Vitae ultricies leo integer malesuada nunc. Orci a scelerisque purus semper eget duis. Egestas integer eget aliquet nibh praesent tristique. Ornare suspendisse sed nisi lacus sed viverra tellus in. Libero justo laoreet sit amet cursus. Tincidunt id aliquet risus feugiat in. Imperdiet sed euismod nisi porta lorem mollis aliquam. Id porta nibh venenatis cras sed felis eget.', 
					3, '7500 ₺', '9500 ₺', '2021-08-01T00:00:01.010101', '2021-09-01', true);
INSERT INTO job_postings VALUES (DEFAULT, 18, 2, 2, 1, 1, 'Lorem ipsum dolor sit amet, consectetur adipiscing elit, sed do eiusmod tempor incididunt ut labore et dolore magna aliqua. Enim diam vulputate ut pharetra. Eu scelerisque felis imperdiet proin fermentum leo vel. Eget mauris pharetra et ultrices neque ornare. Leo a diam sollicitudin tempor id eu nisl. Sed tempus urna et pharetra. Faucibus nisl tincidunt eget nullam non nisi est. Non nisi est sit amet facilisis. Suspendisse faucibus interdum posuere lorem ipsum. At elementum eu facilisis sed odio. Vitae ultricies leo integer malesuada nunc. Orci a scelerisque purus semper eget duis. Egestas integer eget aliquet nibh praesent tristique. Ornare suspendisse sed nisi lacus sed viverra tellus in. Libero justo laoreet sit amet cursus. Tincidunt id aliquet risus feugiat in. Imperdiet sed euismod nisi porta lorem mollis aliquam. Id porta nibh venenatis cras sed felis eget.', 
					2, '7500 ₺', '9500 ₺', '2021-08-01T00:01:01.010101', '2021-09-01', true);
INSERT INTO job_postings VALUES (DEFAULT, 18, 3, 3, 2, 1, 'Lorem ipsum dolor sit amet, consectetur adipiscing elit, sed do eiusmod tempor incididunt ut labore et dolore magna aliqua. Enim diam vulputate ut pharetra. Eu scelerisque felis imperdiet proin fermentum leo vel. Eget mauris pharetra et ultrices neque ornare. Leo a diam sollicitudin tempor id eu nisl. Sed tempus urna et pharetra. Faucibus nisl tincidunt eget nullam non nisi est. Non nisi est sit amet facilisis. Suspendisse faucibus interdum posuere lorem ipsum. At elementum eu facilisis sed odio. Vitae ultricies leo integer malesuada nunc. Orci a scelerisque purus semper eget duis. Egestas integer eget aliquet nibh praesent tristique. Ornare suspendisse sed nisi lacus sed viverra tellus in. Libero justo laoreet sit amet cursus. Tincidunt id aliquet risus feugiat in. Imperdiet sed euismod nisi porta lorem mollis aliquam. Id porta nibh venenatis cras sed felis eget.', 
					1, '7500 ₺', '9500 ₺', '2021-08-13T00:00:01.010101', '2021-09-13', true);
INSERT INTO job_postings VALUES (DEFAULT, 18, 4, 4, 1, 2, 'Lorem ipsum dolor sit amet, consectetur adipiscing elit, sed do eiusmod tempor incididunt ut labore et dolore magna aliqua. Enim diam vulputate ut pharetra. Eu scelerisque felis imperdiet proin fermentum leo vel. Eget mauris pharetra et ultrices neque ornare. Leo a diam sollicitudin tempor id eu nisl. Sed tempus urna et pharetra. Faucibus nisl tincidunt eget nullam non nisi est. Non nisi est sit amet facilisis. Suspendisse faucibus interdum posuere lorem ipsum. At elementum eu facilisis sed odio. Vitae ultricies leo integer malesuada nunc. Orci a scelerisque purus semper eget duis. Egestas integer eget aliquet nibh praesent tristique. Ornare suspendisse sed nisi lacus sed viverra tellus in. Libero justo laoreet sit amet cursus. Tincidunt id aliquet risus feugiat in. Imperdiet sed euismod nisi porta lorem mollis aliquam. Id porta nibh venenatis cras sed felis eget.', 
					1, '7500 ₺', '9500 ₺', '2021-08-13T00:01:01.010101', '2021-09-13', true);
INSERT INTO job_postings VALUES (DEFAULT, 19, 5, 5, 2, 2, 'Lorem ipsum dolor sit amet, consectetur adipiscing elit, sed do eiusmod tempor incididunt ut labore et dolore magna aliqua. Enim diam vulputate ut pharetra. Eu scelerisque felis imperdiet proin fermentum leo vel. Eget mauris pharetra et ultrices neque ornare. Leo a diam sollicitudin tempor id eu nisl. Sed tempus urna et pharetra. Faucibus nisl tincidunt eget nullam non nisi est. Non nisi est sit amet facilisis. Suspendisse faucibus interdum posuere lorem ipsum. At elementum eu facilisis sed odio. Vitae ultricies leo integer malesuada nunc. Orci a scelerisque purus semper eget duis. Egestas integer eget aliquet nibh praesent tristique. Ornare suspendisse sed nisi lacus sed viverra tellus in. Libero justo laoreet sit amet cursus. Tincidunt id aliquet risus feugiat in. Imperdiet sed euismod nisi porta lorem mollis aliquam. Id porta nibh venenatis cras sed felis eget.', 
					1, '7500 ₺', '9500 ₺', '2021-08-02T00:00:01.010101', '2021-09-02', true);
INSERT INTO job_postings VALUES (DEFAULT, 19, 6, 6, 1, 1, 'Lorem ipsum dolor sit amet, consectetur adipiscing elit, sed do eiusmod tempor incididunt ut labore et dolore magna aliqua. Enim diam vulputate ut pharetra. Eu scelerisque felis imperdiet proin fermentum leo vel. Eget mauris pharetra et ultrices neque ornare. Leo a diam sollicitudin tempor id eu nisl. Sed tempus urna et pharetra. Faucibus nisl tincidunt eget nullam non nisi est. Non nisi est sit amet facilisis. Suspendisse faucibus interdum posuere lorem ipsum. At elementum eu facilisis sed odio. Vitae ultricies leo integer malesuada nunc. Orci a scelerisque purus semper eget duis. Egestas integer eget aliquet nibh praesent tristique. Ornare suspendisse sed nisi lacus sed viverra tellus in. Libero justo laoreet sit amet cursus. Tincidunt id aliquet risus feugiat in. Imperdiet sed euismod nisi porta lorem mollis aliquam. Id porta nibh venenatis cras sed felis eget.', 
					3, '7500 ₺', '9500 ₺', '2021-08-02T00:01:01.010101', '2021-09-02', true);
INSERT INTO job_postings VALUES (DEFAULT, 19, 7, 7, 2, 1, 'Lorem ipsum dolor sit amet, consectetur adipiscing elit, sed do eiusmod tempor incididunt ut labore et dolore magna aliqua. Enim diam vulputate ut pharetra. Eu scelerisque felis imperdiet proin fermentum leo vel. Eget mauris pharetra et ultrices neque ornare. Leo a diam sollicitudin tempor id eu nisl. Sed tempus urna et pharetra. Faucibus nisl tincidunt eget nullam non nisi est. Non nisi est sit amet facilisis. Suspendisse faucibus interdum posuere lorem ipsum. At elementum eu facilisis sed odio. Vitae ultricies leo integer malesuada nunc. Orci a scelerisque purus semper eget duis. Egestas integer eget aliquet nibh praesent tristique. Ornare suspendisse sed nisi lacus sed viverra tellus in. Libero justo laoreet sit amet cursus. Tincidunt id aliquet risus feugiat in. Imperdiet sed euismod nisi porta lorem mollis aliquam. Id porta nibh venenatis cras sed felis eget.', 
					2, '7500 ₺', '9500 ₺', '2021-08-14T00:00:01.010101', '2021-09-14', true);
INSERT INTO job_postings VALUES (DEFAULT, 19, 8, 8, 1, 2, 'Lorem ipsum dolor sit amet, consectetur adipiscing elit, sed do eiusmod tempor incididunt ut labore et dolore magna aliqua. Enim diam vulputate ut pharetra. Eu scelerisque felis imperdiet proin fermentum leo vel. Eget mauris pharetra et ultrices neque ornare. Leo a diam sollicitudin tempor id eu nisl. Sed tempus urna et pharetra. Faucibus nisl tincidunt eget nullam non nisi est. Non nisi est sit amet facilisis. Suspendisse faucibus interdum posuere lorem ipsum. At elementum eu facilisis sed odio. Vitae ultricies leo integer malesuada nunc. Orci a scelerisque purus semper eget duis. Egestas integer eget aliquet nibh praesent tristique. Ornare suspendisse sed nisi lacus sed viverra tellus in. Libero justo laoreet sit amet cursus. Tincidunt id aliquet risus feugiat in. Imperdiet sed euismod nisi porta lorem mollis aliquam. Id porta nibh venenatis cras sed felis eget.', 
					1, '7500 ₺', '9500 ₺', '2021-08-14T00:01:01.010101', '2021-09-14', true);
INSERT INTO job_postings VALUES (DEFAULT, 20, 9, 9, 2, 2, 'Lorem ipsum dolor sit amet, consectetur adipiscing elit, sed do eiusmod tempor incididunt ut labore et dolore magna aliqua. Enim diam vulputate ut pharetra. Eu scelerisque felis imperdiet proin fermentum leo vel. Eget mauris pharetra et ultrices neque ornare. Leo a diam sollicitudin tempor id eu nisl. Sed tempus urna et pharetra. Faucibus nisl tincidunt eget nullam non nisi est. Non nisi est sit amet facilisis. Suspendisse faucibus interdum posuere lorem ipsum. At elementum eu facilisis sed odio. Vitae ultricies leo integer malesuada nunc. Orci a scelerisque purus semper eget duis. Egestas integer eget aliquet nibh praesent tristique. Ornare suspendisse sed nisi lacus sed viverra tellus in. Libero justo laoreet sit amet cursus. Tincidunt id aliquet risus feugiat in. Imperdiet sed euismod nisi porta lorem mollis aliquam. Id porta nibh venenatis cras sed felis eget.', 
					1, '7500 ₺', '9500 ₺', '2021-08-03T00:00:01.010101', '2021-09-03', true);
INSERT INTO job_postings VALUES (DEFAULT, 20, 10, 10, 1, 1, 'Lorem ipsum dolor sit amet, consectetur adipiscing elit, sed do eiusmod tempor incididunt ut labore et dolore magna aliqua. Enim diam vulputate ut pharetra. Eu scelerisque felis imperdiet proin fermentum leo vel. Eget mauris pharetra et ultrices neque ornare. Leo a diam sollicitudin tempor id eu nisl. Sed tempus urna et pharetra. Faucibus nisl tincidunt eget nullam non nisi est. Non nisi est sit amet facilisis. Suspendisse faucibus interdum posuere lorem ipsum. At elementum eu facilisis sed odio. Vitae ultricies leo integer malesuada nunc. Orci a scelerisque purus semper eget duis. Egestas integer eget aliquet nibh praesent tristique. Ornare suspendisse sed nisi lacus sed viverra tellus in. Libero justo laoreet sit amet cursus. Tincidunt id aliquet risus feugiat in. Imperdiet sed euismod nisi porta lorem mollis aliquam. Id porta nibh venenatis cras sed felis eget.', 
					1, '7500 ₺', '9500 ₺', '2021-08-03T00:01:01.010101', '2021-09-03', true);
INSERT INTO job_postings VALUES (DEFAULT, 20, 11, 11, 2, 1, 'Lorem ipsum dolor sit amet, consectetur adipiscing elit, sed do eiusmod tempor incididunt ut labore et dolore magna aliqua. Enim diam vulputate ut pharetra. Eu scelerisque felis imperdiet proin fermentum leo vel. Eget mauris pharetra et ultrices neque ornare. Leo a diam sollicitudin tempor id eu nisl. Sed tempus urna et pharetra. Faucibus nisl tincidunt eget nullam non nisi est. Non nisi est sit amet facilisis. Suspendisse faucibus interdum posuere lorem ipsum. At elementum eu facilisis sed odio. Vitae ultricies leo integer malesuada nunc. Orci a scelerisque purus semper eget duis. Egestas integer eget aliquet nibh praesent tristique. Ornare suspendisse sed nisi lacus sed viverra tellus in. Libero justo laoreet sit amet cursus. Tincidunt id aliquet risus feugiat in. Imperdiet sed euismod nisi porta lorem mollis aliquam. Id porta nibh venenatis cras sed felis eget.', 
					3, '7500 ₺', '9500 ₺', '2021-08-15T00:00:01.010101', '2021-09-15', true);
INSERT INTO job_postings VALUES (DEFAULT, 20, 12, 12, 1, 2, 'Lorem ipsum dolor sit amet, consectetur adipiscing elit, sed do eiusmod tempor incididunt ut labore et dolore magna aliqua. Enim diam vulputate ut pharetra. Eu scelerisque felis imperdiet proin fermentum leo vel. Eget mauris pharetra et ultrices neque ornare. Leo a diam sollicitudin tempor id eu nisl. Sed tempus urna et pharetra. Faucibus nisl tincidunt eget nullam non nisi est. Non nisi est sit amet facilisis. Suspendisse faucibus interdum posuere lorem ipsum. At elementum eu facilisis sed odio. Vitae ultricies leo integer malesuada nunc. Orci a scelerisque purus semper eget duis. Egestas integer eget aliquet nibh praesent tristique. Ornare suspendisse sed nisi lacus sed viverra tellus in. Libero justo laoreet sit amet cursus. Tincidunt id aliquet risus feugiat in. Imperdiet sed euismod nisi porta lorem mollis aliquam. Id porta nibh venenatis cras sed felis eget.', 
					2, '7500 ₺', '9500 ₺', '2021-08-15T00:01:01.010101', '2021-09-15', true);
INSERT INTO job_postings VALUES (DEFAULT, 21, 2, 1, 1, 1, 'Lorem ipsum dolor sit amet, consectetur adipiscing elit, sed do eiusmod tempor incididunt ut labore et dolore magna aliqua. Enim diam vulputate ut pharetra. Eu scelerisque felis imperdiet proin fermentum leo vel. Eget mauris pharetra et ultrices neque ornare. Leo a diam sollicitudin tempor id eu nisl. Sed tempus urna et pharetra. Faucibus nisl tincidunt eget nullam non nisi est. Non nisi est sit amet facilisis. Suspendisse faucibus interdum posuere lorem ipsum. At elementum eu facilisis sed odio. Vitae ultricies leo integer malesuada nunc. Orci a scelerisque purus semper eget duis. Egestas integer eget aliquet nibh praesent tristique. Ornare suspendisse sed nisi lacus sed viverra tellus in. Libero justo laoreet sit amet cursus. Tincidunt id aliquet risus feugiat in. Imperdiet sed euismod nisi porta lorem mollis aliquam. Id porta nibh venenatis cras sed felis eget.', 
					2, '7500 ₺', '9500 ₺', '2021-08-04T00:00:01.010101', '2021-09-04', true);
INSERT INTO job_postings VALUES (DEFAULT, 21, 3, 2, 2, 1, 'Lorem ipsum dolor sit amet, consectetur adipiscing elit, sed do eiusmod tempor incididunt ut labore et dolore magna aliqua. Enim diam vulputate ut pharetra. Eu scelerisque felis imperdiet proin fermentum leo vel. Eget mauris pharetra et ultrices neque ornare. Leo a diam sollicitudin tempor id eu nisl. Sed tempus urna et pharetra. Faucibus nisl tincidunt eget nullam non nisi est. Non nisi est sit amet facilisis. Suspendisse faucibus interdum posuere lorem ipsum. At elementum eu facilisis sed odio. Vitae ultricies leo integer malesuada nunc. Orci a scelerisque purus semper eget duis. Egestas integer eget aliquet nibh praesent tristique. Ornare suspendisse sed nisi lacus sed viverra tellus in. Libero justo laoreet sit amet cursus. Tincidunt id aliquet risus feugiat in. Imperdiet sed euismod nisi porta lorem mollis aliquam. Id porta nibh venenatis cras sed felis eget.', 
					1, '7500 ₺', '9500 ₺', '2021-08-04T00:01:01.010101', '2021-09-04', true);
INSERT INTO job_postings VALUES (DEFAULT, 21, 4, 3, 1, 2, 'Lorem ipsum dolor sit amet, consectetur adipiscing elit, sed do eiusmod tempor incididunt ut labore et dolore magna aliqua. Enim diam vulputate ut pharetra. Eu scelerisque felis imperdiet proin fermentum leo vel. Eget mauris pharetra et ultrices neque ornare. Leo a diam sollicitudin tempor id eu nisl. Sed tempus urna et pharetra. Faucibus nisl tincidunt eget nullam non nisi est. Non nisi est sit amet facilisis. Suspendisse faucibus interdum posuere lorem ipsum. At elementum eu facilisis sed odio. Vitae ultricies leo integer malesuada nunc. Orci a scelerisque purus semper eget duis. Egestas integer eget aliquet nibh praesent tristique. Ornare suspendisse sed nisi lacus sed viverra tellus in. Libero justo laoreet sit amet cursus. Tincidunt id aliquet risus feugiat in. Imperdiet sed euismod nisi porta lorem mollis aliquam. Id porta nibh venenatis cras sed felis eget.', 
					1, '7500 ₺', '9500 ₺', '2021-08-16T00:00:01.010101', '2021-09-16', true);
INSERT INTO job_postings VALUES (DEFAULT, 21, 5, 4, 2, 2, 'Lorem ipsum dolor sit amet, consectetur adipiscing elit, sed do eiusmod tempor incididunt ut labore et dolore magna aliqua. Enim diam vulputate ut pharetra. Eu scelerisque felis imperdiet proin fermentum leo vel. Eget mauris pharetra et ultrices neque ornare. Leo a diam sollicitudin tempor id eu nisl. Sed tempus urna et pharetra. Faucibus nisl tincidunt eget nullam non nisi est. Non nisi est sit amet facilisis. Suspendisse faucibus interdum posuere lorem ipsum. At elementum eu facilisis sed odio. Vitae ultricies leo integer malesuada nunc. Orci a scelerisque purus semper eget duis. Egestas integer eget aliquet nibh praesent tristique. Ornare suspendisse sed nisi lacus sed viverra tellus in. Libero justo laoreet sit amet cursus. Tincidunt id aliquet risus feugiat in. Imperdiet sed euismod nisi porta lorem mollis aliquam. Id porta nibh venenatis cras sed felis eget.', 
					3, '7500 ₺', '9500 ₺', '2021-08-16T00:01:01.010101', '2021-09-16', true);
INSERT INTO job_postings VALUES (DEFAULT, 22, 6, 5, 1, 1, 'Lorem ipsum dolor sit amet, consectetur adipiscing elit, sed do eiusmod tempor incididunt ut labore et dolore magna aliqua. Enim diam vulputate ut pharetra. Eu scelerisque felis imperdiet proin fermentum leo vel. Eget mauris pharetra et ultrices neque ornare. Leo a diam sollicitudin tempor id eu nisl. Sed tempus urna et pharetra. Faucibus nisl tincidunt eget nullam non nisi est. Non nisi est sit amet facilisis. Suspendisse faucibus interdum posuere lorem ipsum. At elementum eu facilisis sed odio. Vitae ultricies leo integer malesuada nunc. Orci a scelerisque purus semper eget duis. Egestas integer eget aliquet nibh praesent tristique. Ornare suspendisse sed nisi lacus sed viverra tellus in. Libero justo laoreet sit amet cursus. Tincidunt id aliquet risus feugiat in. Imperdiet sed euismod nisi porta lorem mollis aliquam. Id porta nibh venenatis cras sed felis eget.', 
					3, '7500 ₺', '9500 ₺', '2021-08-05T00:00:01.010101', '2021-09-05', true);
INSERT INTO job_postings VALUES (DEFAULT, 22, 7, 6, 2, 1, 'Lorem ipsum dolor sit amet, consectetur adipiscing elit, sed do eiusmod tempor incididunt ut labore et dolore magna aliqua. Enim diam vulputate ut pharetra. Eu scelerisque felis imperdiet proin fermentum leo vel. Eget mauris pharetra et ultrices neque ornare. Leo a diam sollicitudin tempor id eu nisl. Sed tempus urna et pharetra. Faucibus nisl tincidunt eget nullam non nisi est. Non nisi est sit amet facilisis. Suspendisse faucibus interdum posuere lorem ipsum. At elementum eu facilisis sed odio. Vitae ultricies leo integer malesuada nunc. Orci a scelerisque purus semper eget duis. Egestas integer eget aliquet nibh praesent tristique. Ornare suspendisse sed nisi lacus sed viverra tellus in. Libero justo laoreet sit amet cursus. Tincidunt id aliquet risus feugiat in. Imperdiet sed euismod nisi porta lorem mollis aliquam. Id porta nibh venenatis cras sed felis eget.', 
					2, '7500 ₺', '9500 ₺', '2021-08-05T00:01:01.010101', '2021-09-05', true);
INSERT INTO job_postings VALUES (DEFAULT, 22, 8, 7, 1, 2, 'Lorem ipsum dolor sit amet, consectetur adipiscing elit, sed do eiusmod tempor incididunt ut labore et dolore magna aliqua. Enim diam vulputate ut pharetra. Eu scelerisque felis imperdiet proin fermentum leo vel. Eget mauris pharetra et ultrices neque ornare. Leo a diam sollicitudin tempor id eu nisl. Sed tempus urna et pharetra. Faucibus nisl tincidunt eget nullam non nisi est. Non nisi est sit amet facilisis. Suspendisse faucibus interdum posuere lorem ipsum. At elementum eu facilisis sed odio. Vitae ultricies leo integer malesuada nunc. Orci a scelerisque purus semper eget duis. Egestas integer eget aliquet nibh praesent tristique. Ornare suspendisse sed nisi lacus sed viverra tellus in. Libero justo laoreet sit amet cursus. Tincidunt id aliquet risus feugiat in. Imperdiet sed euismod nisi porta lorem mollis aliquam. Id porta nibh venenatis cras sed felis eget.', 
					1, '7500 ₺', '9500 ₺', '2021-08-17T00:00:01.010101', '2021-09-17', true);
INSERT INTO job_postings VALUES (DEFAULT, 22, 9, 8, 2, 2, 'Lorem ipsum dolor sit amet, consectetur adipiscing elit, sed do eiusmod tempor incididunt ut labore et dolore magna aliqua. Enim diam vulputate ut pharetra. Eu scelerisque felis imperdiet proin fermentum leo vel. Eget mauris pharetra et ultrices neque ornare. Leo a diam sollicitudin tempor id eu nisl. Sed tempus urna et pharetra. Faucibus nisl tincidunt eget nullam non nisi est. Non nisi est sit amet facilisis. Suspendisse faucibus interdum posuere lorem ipsum. At elementum eu facilisis sed odio. Vitae ultricies leo integer malesuada nunc. Orci a scelerisque purus semper eget duis. Egestas integer eget aliquet nibh praesent tristique. Ornare suspendisse sed nisi lacus sed viverra tellus in. Libero justo laoreet sit amet cursus. Tincidunt id aliquet risus feugiat in. Imperdiet sed euismod nisi porta lorem mollis aliquam. Id porta nibh venenatis cras sed felis eget.', 
					1, '7500 ₺', '9500 ₺', '2021-08-17T00:01:01.010101', '2021-09-17', true);
INSERT INTO job_postings VALUES (DEFAULT, 23, 10, 9, 1, 1, 'Lorem ipsum dolor sit amet, consectetur adipiscing elit, sed do eiusmod tempor incididunt ut labore et dolore magna aliqua. Enim diam vulputate ut pharetra. Eu scelerisque felis imperdiet proin fermentum leo vel. Eget mauris pharetra et ultrices neque ornare. Leo a diam sollicitudin tempor id eu nisl. Sed tempus urna et pharetra. Faucibus nisl tincidunt eget nullam non nisi est. Non nisi est sit amet facilisis. Suspendisse faucibus interdum posuere lorem ipsum. At elementum eu facilisis sed odio. Vitae ultricies leo integer malesuada nunc. Orci a scelerisque purus semper eget duis. Egestas integer eget aliquet nibh praesent tristique. Ornare suspendisse sed nisi lacus sed viverra tellus in. Libero justo laoreet sit amet cursus. Tincidunt id aliquet risus feugiat in. Imperdiet sed euismod nisi porta lorem mollis aliquam. Id porta nibh venenatis cras sed felis eget.', 
					1, '7500 ₺', '9500 ₺', '2021-08-06T00:00:01.010101', '2021-09-06', true);
INSERT INTO job_postings VALUES (DEFAULT, 23, 11, 10, 2, 1, 'Lorem ipsum dolor sit amet, consectetur adipiscing elit, sed do eiusmod tempor incididunt ut labore et dolore magna aliqua. Enim diam vulputate ut pharetra. Eu scelerisque felis imperdiet proin fermentum leo vel. Eget mauris pharetra et ultrices neque ornare. Leo a diam sollicitudin tempor id eu nisl. Sed tempus urna et pharetra. Faucibus nisl tincidunt eget nullam non nisi est. Non nisi est sit amet facilisis. Suspendisse faucibus interdum posuere lorem ipsum. At elementum eu facilisis sed odio. Vitae ultricies leo integer malesuada nunc. Orci a scelerisque purus semper eget duis. Egestas integer eget aliquet nibh praesent tristique. Ornare suspendisse sed nisi lacus sed viverra tellus in. Libero justo laoreet sit amet cursus. Tincidunt id aliquet risus feugiat in. Imperdiet sed euismod nisi porta lorem mollis aliquam. Id porta nibh venenatis cras sed felis eget.', 
					3, '7500 ₺', '9500 ₺', '2021-08-06T00:01:01.010101', '2021-09-06', true);
INSERT INTO job_postings VALUES (DEFAULT, 23, 12, 11, 1, 2, 'Lorem ipsum dolor sit amet, consectetur adipiscing elit, sed do eiusmod tempor incididunt ut labore et dolore magna aliqua. Enim diam vulputate ut pharetra. Eu scelerisque felis imperdiet proin fermentum leo vel. Eget mauris pharetra et ultrices neque ornare. Leo a diam sollicitudin tempor id eu nisl. Sed tempus urna et pharetra. Faucibus nisl tincidunt eget nullam non nisi est. Non nisi est sit amet facilisis. Suspendisse faucibus interdum posuere lorem ipsum. At elementum eu facilisis sed odio. Vitae ultricies leo integer malesuada nunc. Orci a scelerisque purus semper eget duis. Egestas integer eget aliquet nibh praesent tristique. Ornare suspendisse sed nisi lacus sed viverra tellus in. Libero justo laoreet sit amet cursus. Tincidunt id aliquet risus feugiat in. Imperdiet sed euismod nisi porta lorem mollis aliquam. Id porta nibh venenatis cras sed felis eget.', 
					2, '7500 ₺', '9500 ₺', '2021-08-18T00:00:01.010101', '2021-09-18', true);
INSERT INTO job_postings VALUES (DEFAULT, 23, 1, 12, 2, 2, 'Lorem ipsum dolor sit amet, consectetur adipiscing elit, sed do eiusmod tempor incididunt ut labore et dolore magna aliqua. Enim diam vulputate ut pharetra. Eu scelerisque felis imperdiet proin fermentum leo vel. Eget mauris pharetra et ultrices neque ornare. Leo a diam sollicitudin tempor id eu nisl. Sed tempus urna et pharetra. Faucibus nisl tincidunt eget nullam non nisi est. Non nisi est sit amet facilisis. Suspendisse faucibus interdum posuere lorem ipsum. At elementum eu facilisis sed odio. Vitae ultricies leo integer malesuada nunc. Orci a scelerisque purus semper eget duis. Egestas integer eget aliquet nibh praesent tristique. Ornare suspendisse sed nisi lacus sed viverra tellus in. Libero justo laoreet sit amet cursus. Tincidunt id aliquet risus feugiat in. Imperdiet sed euismod nisi porta lorem mollis aliquam. Id porta nibh venenatis cras sed felis eget.', 
					1, '7500 ₺', '9500 ₺', '2021-08-18T00:01:01.010101', '2021-09-18', true);
INSERT INTO job_postings VALUES (DEFAULT, 24, 3, 1, 2, 1, 'Lorem ipsum dolor sit amet, consectetur adipiscing elit, sed do eiusmod tempor incididunt ut labore et dolore magna aliqua. Enim diam vulputate ut pharetra. Eu scelerisque felis imperdiet proin fermentum leo vel. Eget mauris pharetra et ultrices neque ornare. Leo a diam sollicitudin tempor id eu nisl. Sed tempus urna et pharetra. Faucibus nisl tincidunt eget nullam non nisi est. Non nisi est sit amet facilisis. Suspendisse faucibus interdum posuere lorem ipsum. At elementum eu facilisis sed odio. Vitae ultricies leo integer malesuada nunc. Orci a scelerisque purus semper eget duis. Egestas integer eget aliquet nibh praesent tristique. Ornare suspendisse sed nisi lacus sed viverra tellus in. Libero justo laoreet sit amet cursus. Tincidunt id aliquet risus feugiat in. Imperdiet sed euismod nisi porta lorem mollis aliquam. Id porta nibh venenatis cras sed felis eget.', 
					1, '7500 ₺', '9500 ₺', '2021-08-07T00:00:01.010101', '2021-09-07', true);
INSERT INTO job_postings VALUES (DEFAULT, 24, 4, 2, 1, 2, 'Lorem ipsum dolor sit amet, consectetur adipiscing elit, sed do eiusmod tempor incididunt ut labore et dolore magna aliqua. Enim diam vulputate ut pharetra. Eu scelerisque felis imperdiet proin fermentum leo vel. Eget mauris pharetra et ultrices neque ornare. Leo a diam sollicitudin tempor id eu nisl. Sed tempus urna et pharetra. Faucibus nisl tincidunt eget nullam non nisi est. Non nisi est sit amet facilisis. Suspendisse faucibus interdum posuere lorem ipsum. At elementum eu facilisis sed odio. Vitae ultricies leo integer malesuada nunc. Orci a scelerisque purus semper eget duis. Egestas integer eget aliquet nibh praesent tristique. Ornare suspendisse sed nisi lacus sed viverra tellus in. Libero justo laoreet sit amet cursus. Tincidunt id aliquet risus feugiat in. Imperdiet sed euismod nisi porta lorem mollis aliquam. Id porta nibh venenatis cras sed felis eget.', 
					1, '7500 ₺', '9500 ₺', '2021-08-07T00:01:01.010101', '2021-09-07', true);
INSERT INTO job_postings VALUES (DEFAULT, 24, 5, 3, 2, 2, 'Lorem ipsum dolor sit amet, consectetur adipiscing elit, sed do eiusmod tempor incididunt ut labore et dolore magna aliqua. Enim diam vulputate ut pharetra. Eu scelerisque felis imperdiet proin fermentum leo vel. Eget mauris pharetra et ultrices neque ornare. Leo a diam sollicitudin tempor id eu nisl. Sed tempus urna et pharetra. Faucibus nisl tincidunt eget nullam non nisi est. Non nisi est sit amet facilisis. Suspendisse faucibus interdum posuere lorem ipsum. At elementum eu facilisis sed odio. Vitae ultricies leo integer malesuada nunc. Orci a scelerisque purus semper eget duis. Egestas integer eget aliquet nibh praesent tristique. Ornare suspendisse sed nisi lacus sed viverra tellus in. Libero justo laoreet sit amet cursus. Tincidunt id aliquet risus feugiat in. Imperdiet sed euismod nisi porta lorem mollis aliquam. Id porta nibh venenatis cras sed felis eget.', 
					3, '7500 ₺', '9500 ₺', '2021-08-19T00:00:01.010101', '2021-09-19', true);
INSERT INTO job_postings VALUES (DEFAULT, 24, 6, 4, 1, 1, 'Lorem ipsum dolor sit amet, consectetur adipiscing elit, sed do eiusmod tempor incididunt ut labore et dolore magna aliqua. Enim diam vulputate ut pharetra. Eu scelerisque felis imperdiet proin fermentum leo vel. Eget mauris pharetra et ultrices neque ornare. Leo a diam sollicitudin tempor id eu nisl. Sed tempus urna et pharetra. Faucibus nisl tincidunt eget nullam non nisi est. Non nisi est sit amet facilisis. Suspendisse faucibus interdum posuere lorem ipsum. At elementum eu facilisis sed odio. Vitae ultricies leo integer malesuada nunc. Orci a scelerisque purus semper eget duis. Egestas integer eget aliquet nibh praesent tristique. Ornare suspendisse sed nisi lacus sed viverra tellus in. Libero justo laoreet sit amet cursus. Tincidunt id aliquet risus feugiat in. Imperdiet sed euismod nisi porta lorem mollis aliquam. Id porta nibh venenatis cras sed felis eget.', 
					2, '7500 ₺', '9500 ₺', '2021-08-19T00:01:01.010101', '2021-09-19', true);
INSERT INTO job_postings VALUES (DEFAULT, 25, 7, 5, 2, 1, 'Lorem ipsum dolor sit amet, consectetur adipiscing elit, sed do eiusmod tempor incididunt ut labore et dolore magna aliqua. Enim diam vulputate ut pharetra. Eu scelerisque felis imperdiet proin fermentum leo vel. Eget mauris pharetra et ultrices neque ornare. Leo a diam sollicitudin tempor id eu nisl. Sed tempus urna et pharetra. Faucibus nisl tincidunt eget nullam non nisi est. Non nisi est sit amet facilisis. Suspendisse faucibus interdum posuere lorem ipsum. At elementum eu facilisis sed odio. Vitae ultricies leo integer malesuada nunc. Orci a scelerisque purus semper eget duis. Egestas integer eget aliquet nibh praesent tristique. Ornare suspendisse sed nisi lacus sed viverra tellus in. Libero justo laoreet sit amet cursus. Tincidunt id aliquet risus feugiat in. Imperdiet sed euismod nisi porta lorem mollis aliquam. Id porta nibh venenatis cras sed felis eget.', 
					2, '7500 ₺', '9500 ₺', '2021-08-08T00:00:01.010101', '2021-09-08', true);
INSERT INTO job_postings VALUES (DEFAULT, 25, 8, 6, 1, 2, 'Lorem ipsum dolor sit amet, consectetur adipiscing elit, sed do eiusmod tempor incididunt ut labore et dolore magna aliqua. Enim diam vulputate ut pharetra. Eu scelerisque felis imperdiet proin fermentum leo vel. Eget mauris pharetra et ultrices neque ornare. Leo a diam sollicitudin tempor id eu nisl. Sed tempus urna et pharetra. Faucibus nisl tincidunt eget nullam non nisi est. Non nisi est sit amet facilisis. Suspendisse faucibus interdum posuere lorem ipsum. At elementum eu facilisis sed odio. Vitae ultricies leo integer malesuada nunc. Orci a scelerisque purus semper eget duis. Egestas integer eget aliquet nibh praesent tristique. Ornare suspendisse sed nisi lacus sed viverra tellus in. Libero justo laoreet sit amet cursus. Tincidunt id aliquet risus feugiat in. Imperdiet sed euismod nisi porta lorem mollis aliquam. Id porta nibh venenatis cras sed felis eget.', 
					1, '7500 ₺', '9500 ₺', '2021-08-08T00:01:01.010101', '2021-09-08', true);
INSERT INTO job_postings VALUES (DEFAULT, 25, 9, 7, 2, 2, 'Lorem ipsum dolor sit amet, consectetur adipiscing elit, sed do eiusmod tempor incididunt ut labore et dolore magna aliqua. Enim diam vulputate ut pharetra. Eu scelerisque felis imperdiet proin fermentum leo vel. Eget mauris pharetra et ultrices neque ornare. Leo a diam sollicitudin tempor id eu nisl. Sed tempus urna et pharetra. Faucibus nisl tincidunt eget nullam non nisi est. Non nisi est sit amet facilisis. Suspendisse faucibus interdum posuere lorem ipsum. At elementum eu facilisis sed odio. Vitae ultricies leo integer malesuada nunc. Orci a scelerisque purus semper eget duis. Egestas integer eget aliquet nibh praesent tristique. Ornare suspendisse sed nisi lacus sed viverra tellus in. Libero justo laoreet sit amet cursus. Tincidunt id aliquet risus feugiat in. Imperdiet sed euismod nisi porta lorem mollis aliquam. Id porta nibh venenatis cras sed felis eget.', 
					1, '7500 ₺', '9500 ₺', '2021-08-20T00:00:01.010101', '2021-09-20', true);
INSERT INTO job_postings VALUES (DEFAULT, 25, 10, 8, 1, 1, 'Lorem ipsum dolor sit amet, consectetur adipiscing elit, sed do eiusmod tempor incididunt ut labore et dolore magna aliqua. Enim diam vulputate ut pharetra. Eu scelerisque felis imperdiet proin fermentum leo vel. Eget mauris pharetra et ultrices neque ornare. Leo a diam sollicitudin tempor id eu nisl. Sed tempus urna et pharetra. Faucibus nisl tincidunt eget nullam non nisi est. Non nisi est sit amet facilisis. Suspendisse faucibus interdum posuere lorem ipsum. At elementum eu facilisis sed odio. Vitae ultricies leo integer malesuada nunc. Orci a scelerisque purus semper eget duis. Egestas integer eget aliquet nibh praesent tristique. Ornare suspendisse sed nisi lacus sed viverra tellus in. Libero justo laoreet sit amet cursus. Tincidunt id aliquet risus feugiat in. Imperdiet sed euismod nisi porta lorem mollis aliquam. Id porta nibh venenatis cras sed felis eget.', 
					3, '7500 ₺', '9500 ₺', '2021-08-20T00:01:01.010101', '2021-09-20', true);
INSERT INTO job_postings VALUES (DEFAULT, 26, 11, 9, 2, 1, 'Lorem ipsum dolor sit amet, consectetur adipiscing elit, sed do eiusmod tempor incididunt ut labore et dolore magna aliqua. Enim diam vulputate ut pharetra. Eu scelerisque felis imperdiet proin fermentum leo vel. Eget mauris pharetra et ultrices neque ornare. Leo a diam sollicitudin tempor id eu nisl. Sed tempus urna et pharetra. Faucibus nisl tincidunt eget nullam non nisi est. Non nisi est sit amet facilisis. Suspendisse faucibus interdum posuere lorem ipsum. At elementum eu facilisis sed odio. Vitae ultricies leo integer malesuada nunc. Orci a scelerisque purus semper eget duis. Egestas integer eget aliquet nibh praesent tristique. Ornare suspendisse sed nisi lacus sed viverra tellus in. Libero justo laoreet sit amet cursus. Tincidunt id aliquet risus feugiat in. Imperdiet sed euismod nisi porta lorem mollis aliquam. Id porta nibh venenatis cras sed felis eget.', 
					3, '7500 ₺', '9500 ₺', '2021-08-09T00:00:01.010101', '2021-09-09', true);
INSERT INTO job_postings VALUES (DEFAULT, 26, 12, 10, 1, 2, 'Lorem ipsum dolor sit amet, consectetur adipiscing elit, sed do eiusmod tempor incididunt ut labore et dolore magna aliqua. Enim diam vulputate ut pharetra. Eu scelerisque felis imperdiet proin fermentum leo vel. Eget mauris pharetra et ultrices neque ornare. Leo a diam sollicitudin tempor id eu nisl. Sed tempus urna et pharetra. Faucibus nisl tincidunt eget nullam non nisi est. Non nisi est sit amet facilisis. Suspendisse faucibus interdum posuere lorem ipsum. At elementum eu facilisis sed odio. Vitae ultricies leo integer malesuada nunc. Orci a scelerisque purus semper eget duis. Egestas integer eget aliquet nibh praesent tristique. Ornare suspendisse sed nisi lacus sed viverra tellus in. Libero justo laoreet sit amet cursus. Tincidunt id aliquet risus feugiat in. Imperdiet sed euismod nisi porta lorem mollis aliquam. Id porta nibh venenatis cras sed felis eget.', 
					2, '7500 ₺', '9500 ₺', '2021-08-09T00:01:01.010101', '2021-09-09', true);
INSERT INTO job_postings VALUES (DEFAULT, 26, 1, 11, 2, 2, 'Lorem ipsum dolor sit amet, consectetur adipiscing elit, sed do eiusmod tempor incididunt ut labore et dolore magna aliqua. Enim diam vulputate ut pharetra. Eu scelerisque felis imperdiet proin fermentum leo vel. Eget mauris pharetra et ultrices neque ornare. Leo a diam sollicitudin tempor id eu nisl. Sed tempus urna et pharetra. Faucibus nisl tincidunt eget nullam non nisi est. Non nisi est sit amet facilisis. Suspendisse faucibus interdum posuere lorem ipsum. At elementum eu facilisis sed odio. Vitae ultricies leo integer malesuada nunc. Orci a scelerisque purus semper eget duis. Egestas integer eget aliquet nibh praesent tristique. Ornare suspendisse sed nisi lacus sed viverra tellus in. Libero justo laoreet sit amet cursus. Tincidunt id aliquet risus feugiat in. Imperdiet sed euismod nisi porta lorem mollis aliquam. Id porta nibh venenatis cras sed felis eget.', 
					1, '7500 ₺', '9500 ₺', '2021-08-21T00:00:01.010101', '2021-09-21', true);
INSERT INTO job_postings VALUES (DEFAULT, 26, 2, 12, 1, 1, 'Lorem ipsum dolor sit amet, consectetur adipiscing elit, sed do eiusmod tempor incididunt ut labore et dolore magna aliqua. Enim diam vulputate ut pharetra. Eu scelerisque felis imperdiet proin fermentum leo vel. Eget mauris pharetra et ultrices neque ornare. Leo a diam sollicitudin tempor id eu nisl. Sed tempus urna et pharetra. Faucibus nisl tincidunt eget nullam non nisi est. Non nisi est sit amet facilisis. Suspendisse faucibus interdum posuere lorem ipsum. At elementum eu facilisis sed odio. Vitae ultricies leo integer malesuada nunc. Orci a scelerisque purus semper eget duis. Egestas integer eget aliquet nibh praesent tristique. Ornare suspendisse sed nisi lacus sed viverra tellus in. Libero justo laoreet sit amet cursus. Tincidunt id aliquet risus feugiat in. Imperdiet sed euismod nisi porta lorem mollis aliquam. Id porta nibh venenatis cras sed felis eget.', 
					1, '7500 ₺', '9500 ₺', '2021-08-21T00:01:01.010101', '2021-09-21', true);
INSERT INTO job_postings VALUES (DEFAULT, 27, 4, 1, 1, 2, 'Lorem ipsum dolor sit amet, consectetur adipiscing elit, sed do eiusmod tempor incididunt ut labore et dolore magna aliqua. Enim diam vulputate ut pharetra. Eu scelerisque felis imperdiet proin fermentum leo vel. Eget mauris pharetra et ultrices neque ornare. Leo a diam sollicitudin tempor id eu nisl. Sed tempus urna et pharetra. Faucibus nisl tincidunt eget nullam non nisi est. Non nisi est sit amet facilisis. Suspendisse faucibus interdum posuere lorem ipsum. At elementum eu facilisis sed odio. Vitae ultricies leo integer malesuada nunc. Orci a scelerisque purus semper eget duis. Egestas integer eget aliquet nibh praesent tristique. Ornare suspendisse sed nisi lacus sed viverra tellus in. Libero justo laoreet sit amet cursus. Tincidunt id aliquet risus feugiat in. Imperdiet sed euismod nisi porta lorem mollis aliquam. Id porta nibh venenatis cras sed felis eget.', 
					1, '7500 ₺', '9500 ₺', '2021-08-10T00:00:01.010101', '2021-09-10', true);
INSERT INTO job_postings VALUES (DEFAULT, 27, 5, 2, 2, 2, 'Lorem ipsum dolor sit amet, consectetur adipiscing elit, sed do eiusmod tempor incididunt ut labore et dolore magna aliqua. Enim diam vulputate ut pharetra. Eu scelerisque felis imperdiet proin fermentum leo vel. Eget mauris pharetra et ultrices neque ornare. Leo a diam sollicitudin tempor id eu nisl. Sed tempus urna et pharetra. Faucibus nisl tincidunt eget nullam non nisi est. Non nisi est sit amet facilisis. Suspendisse faucibus interdum posuere lorem ipsum. At elementum eu facilisis sed odio. Vitae ultricies leo integer malesuada nunc. Orci a scelerisque purus semper eget duis. Egestas integer eget aliquet nibh praesent tristique. Ornare suspendisse sed nisi lacus sed viverra tellus in. Libero justo laoreet sit amet cursus. Tincidunt id aliquet risus feugiat in. Imperdiet sed euismod nisi porta lorem mollis aliquam. Id porta nibh venenatis cras sed felis eget.', 
					3, '7500 ₺', '9500 ₺', '2021-08-10T00:01:01.010101', '2021-09-10', true);
INSERT INTO job_postings VALUES (DEFAULT, 27, 6, 3, 1, 1, 'Lorem ipsum dolor sit amet, consectetur adipiscing elit, sed do eiusmod tempor incididunt ut labore et dolore magna aliqua. Enim diam vulputate ut pharetra. Eu scelerisque felis imperdiet proin fermentum leo vel. Eget mauris pharetra et ultrices neque ornare. Leo a diam sollicitudin tempor id eu nisl. Sed tempus urna et pharetra. Faucibus nisl tincidunt eget nullam non nisi est. Non nisi est sit amet facilisis. Suspendisse faucibus interdum posuere lorem ipsum. At elementum eu facilisis sed odio. Vitae ultricies leo integer malesuada nunc. Orci a scelerisque purus semper eget duis. Egestas integer eget aliquet nibh praesent tristique. Ornare suspendisse sed nisi lacus sed viverra tellus in. Libero justo laoreet sit amet cursus. Tincidunt id aliquet risus feugiat in. Imperdiet sed euismod nisi porta lorem mollis aliquam. Id porta nibh venenatis cras sed felis eget.', 
					2, '7500 ₺', '9500 ₺', '2021-08-22T00:00:01.010101', '2021-09-22', true);
INSERT INTO job_postings VALUES (DEFAULT, 27, 7, 4, 2, 1, 'Lorem ipsum dolor sit amet, consectetur adipiscing elit, sed do eiusmod tempor incididunt ut labore et dolore magna aliqua. Enim diam vulputate ut pharetra. Eu scelerisque felis imperdiet proin fermentum leo vel. Eget mauris pharetra et ultrices neque ornare. Leo a diam sollicitudin tempor id eu nisl. Sed tempus urna et pharetra. Faucibus nisl tincidunt eget nullam non nisi est. Non nisi est sit amet facilisis. Suspendisse faucibus interdum posuere lorem ipsum. At elementum eu facilisis sed odio. Vitae ultricies leo integer malesuada nunc. Orci a scelerisque purus semper eget duis. Egestas integer eget aliquet nibh praesent tristique. Ornare suspendisse sed nisi lacus sed viverra tellus in. Libero justo laoreet sit amet cursus. Tincidunt id aliquet risus feugiat in. Imperdiet sed euismod nisi porta lorem mollis aliquam. Id porta nibh venenatis cras sed felis eget.', 
					1, '7500 ₺', '9500 ₺', '2021-08-22T00:01:01.010101', '2021-09-22', true);
INSERT INTO job_postings VALUES (DEFAULT, 28, 8, 5, 1, 2, 'Lorem ipsum dolor sit amet, consectetur adipiscing elit, sed do eiusmod tempor incididunt ut labore et dolore magna aliqua. Enim diam vulputate ut pharetra. Eu scelerisque felis imperdiet proin fermentum leo vel. Eget mauris pharetra et ultrices neque ornare. Leo a diam sollicitudin tempor id eu nisl. Sed tempus urna et pharetra. Faucibus nisl tincidunt eget nullam non nisi est. Non nisi est sit amet facilisis. Suspendisse faucibus interdum posuere lorem ipsum. At elementum eu facilisis sed odio. Vitae ultricies leo integer malesuada nunc. Orci a scelerisque purus semper eget duis. Egestas integer eget aliquet nibh praesent tristique. Ornare suspendisse sed nisi lacus sed viverra tellus in. Libero justo laoreet sit amet cursus. Tincidunt id aliquet risus feugiat in. Imperdiet sed euismod nisi porta lorem mollis aliquam. Id porta nibh venenatis cras sed felis eget.', 
					1, '7500 ₺', '9500 ₺', '2021-08-11T00:00:01.010101', '2021-09-11', true);
INSERT INTO job_postings VALUES (DEFAULT, 28, 9, 6, 2, 2, 'Lorem ipsum dolor sit amet, consectetur adipiscing elit, sed do eiusmod tempor incididunt ut labore et dolore magna aliqua. Enim diam vulputate ut pharetra. Eu scelerisque felis imperdiet proin fermentum leo vel. Eget mauris pharetra et ultrices neque ornare. Leo a diam sollicitudin tempor id eu nisl. Sed tempus urna et pharetra. Faucibus nisl tincidunt eget nullam non nisi est. Non nisi est sit amet facilisis. Suspendisse faucibus interdum posuere lorem ipsum. At elementum eu facilisis sed odio. Vitae ultricies leo integer malesuada nunc. Orci a scelerisque purus semper eget duis. Egestas integer eget aliquet nibh praesent tristique. Ornare suspendisse sed nisi lacus sed viverra tellus in. Libero justo laoreet sit amet cursus. Tincidunt id aliquet risus feugiat in. Imperdiet sed euismod nisi porta lorem mollis aliquam. Id porta nibh venenatis cras sed felis eget.', 
					1, '7500 ₺', '9500 ₺', '2021-08-11T00:01:01.010101', '2021-09-11', true);
INSERT INTO job_postings VALUES (DEFAULT, 28, 10, 7, 1, 1, 'Lorem ipsum dolor sit amet, consectetur adipiscing elit, sed do eiusmod tempor incididunt ut labore et dolore magna aliqua. Enim diam vulputate ut pharetra. Eu scelerisque felis imperdiet proin fermentum leo vel. Eget mauris pharetra et ultrices neque ornare. Leo a diam sollicitudin tempor id eu nisl. Sed tempus urna et pharetra. Faucibus nisl tincidunt eget nullam non nisi est. Non nisi est sit amet facilisis. Suspendisse faucibus interdum posuere lorem ipsum. At elementum eu facilisis sed odio. Vitae ultricies leo integer malesuada nunc. Orci a scelerisque purus semper eget duis. Egestas integer eget aliquet nibh praesent tristique. Ornare suspendisse sed nisi lacus sed viverra tellus in. Libero justo laoreet sit amet cursus. Tincidunt id aliquet risus feugiat in. Imperdiet sed euismod nisi porta lorem mollis aliquam. Id porta nibh venenatis cras sed felis eget.', 
					3, '7500 ₺', '9500 ₺', '2021-08-23T00:00:01.010101', '2021-09-23', true);
INSERT INTO job_postings VALUES (DEFAULT, 28, 11, 8, 2, 1, 'Lorem ipsum dolor sit amet, consectetur adipiscing elit, sed do eiusmod tempor incididunt ut labore et dolore magna aliqua. Enim diam vulputate ut pharetra. Eu scelerisque felis imperdiet proin fermentum leo vel. Eget mauris pharetra et ultrices neque ornare. Leo a diam sollicitudin tempor id eu nisl. Sed tempus urna et pharetra. Faucibus nisl tincidunt eget nullam non nisi est. Non nisi est sit amet facilisis. Suspendisse faucibus interdum posuere lorem ipsum. At elementum eu facilisis sed odio. Vitae ultricies leo integer malesuada nunc. Orci a scelerisque purus semper eget duis. Egestas integer eget aliquet nibh praesent tristique. Ornare suspendisse sed nisi lacus sed viverra tellus in. Libero justo laoreet sit amet cursus. Tincidunt id aliquet risus feugiat in. Imperdiet sed euismod nisi porta lorem mollis aliquam. Id porta nibh venenatis cras sed felis eget.', 
					2, '7500 ₺', '9500 ₺', '2021-08-23T00:01:01.010101', '2021-09-23', true);
INSERT INTO job_postings VALUES (DEFAULT, 29, 12, 9, 1, 2, 'Lorem ipsum dolor sit amet, consectetur adipiscing elit, sed do eiusmod tempor incididunt ut labore et dolore magna aliqua. Enim diam vulputate ut pharetra. Eu scelerisque felis imperdiet proin fermentum leo vel. Eget mauris pharetra et ultrices neque ornare. Leo a diam sollicitudin tempor id eu nisl. Sed tempus urna et pharetra. Faucibus nisl tincidunt eget nullam non nisi est. Non nisi est sit amet facilisis. Suspendisse faucibus interdum posuere lorem ipsum. At elementum eu facilisis sed odio. Vitae ultricies leo integer malesuada nunc. Orci a scelerisque purus semper eget duis. Egestas integer eget aliquet nibh praesent tristique. Ornare suspendisse sed nisi lacus sed viverra tellus in. Libero justo laoreet sit amet cursus. Tincidunt id aliquet risus feugiat in. Imperdiet sed euismod nisi porta lorem mollis aliquam. Id porta nibh venenatis cras sed felis eget.', 
					2, '7500 ₺', '9500 ₺', '2021-08-12T00:00:01.010101', '2021-09-12', true);
INSERT INTO job_postings VALUES (DEFAULT, 29, 1, 10, 2, 2, 'Lorem ipsum dolor sit amet, consectetur adipiscing elit, sed do eiusmod tempor incididunt ut labore et dolore magna aliqua. Enim diam vulputate ut pharetra. Eu scelerisque felis imperdiet proin fermentum leo vel. Eget mauris pharetra et ultrices neque ornare. Leo a diam sollicitudin tempor id eu nisl. Sed tempus urna et pharetra. Faucibus nisl tincidunt eget nullam non nisi est. Non nisi est sit amet facilisis. Suspendisse faucibus interdum posuere lorem ipsum. At elementum eu facilisis sed odio. Vitae ultricies leo integer malesuada nunc. Orci a scelerisque purus semper eget duis. Egestas integer eget aliquet nibh praesent tristique. Ornare suspendisse sed nisi lacus sed viverra tellus in. Libero justo laoreet sit amet cursus. Tincidunt id aliquet risus feugiat in. Imperdiet sed euismod nisi porta lorem mollis aliquam. Id porta nibh venenatis cras sed felis eget.', 
					1, '7500 ₺', '9500 ₺', '2021-08-12T00:01:01.010101', '2021-09-12', true);
INSERT INTO job_postings VALUES (DEFAULT, 29, 2, 11, 1, 1, 'Lorem ipsum dolor sit amet, consectetur adipiscing elit, sed do eiusmod tempor incididunt ut labore et dolore magna aliqua. Enim diam vulputate ut pharetra. Eu scelerisque felis imperdiet proin fermentum leo vel. Eget mauris pharetra et ultrices neque ornare. Leo a diam sollicitudin tempor id eu nisl. Sed tempus urna et pharetra. Faucibus nisl tincidunt eget nullam non nisi est. Non nisi est sit amet facilisis. Suspendisse faucibus interdum posuere lorem ipsum. At elementum eu facilisis sed odio. Vitae ultricies leo integer malesuada nunc. Orci a scelerisque purus semper eget duis. Egestas integer eget aliquet nibh praesent tristique. Ornare suspendisse sed nisi lacus sed viverra tellus in. Libero justo laoreet sit amet cursus. Tincidunt id aliquet risus feugiat in. Imperdiet sed euismod nisi porta lorem mollis aliquam. Id porta nibh venenatis cras sed felis eget.', 
					1, '7500 ₺', '9500 ₺', '2021-08-24T00:00:01.010101', '2021-09-24', true);
INSERT INTO job_postings VALUES (DEFAULT, 29, 3, 12, 2, 1, 'Lorem ipsum dolor sit amet, consectetur adipiscing elit, sed do eiusmod tempor incididunt ut labore et dolore magna aliqua. Enim diam vulputate ut pharetra. Eu scelerisque felis imperdiet proin fermentum leo vel. Eget mauris pharetra et ultrices neque ornare. Leo a diam sollicitudin tempor id eu nisl. Sed tempus urna et pharetra. Faucibus nisl tincidunt eget nullam non nisi est. Non nisi est sit amet facilisis. Suspendisse faucibus interdum posuere lorem ipsum. At elementum eu facilisis sed odio. Vitae ultricies leo integer malesuada nunc. Orci a scelerisque purus semper eget duis. Egestas integer eget aliquet nibh praesent tristique. Ornare suspendisse sed nisi lacus sed viverra tellus in. Libero justo laoreet sit amet cursus. Tincidunt id aliquet risus feugiat in. Imperdiet sed euismod nisi porta lorem mollis aliquam. Id porta nibh venenatis cras sed felis eget.', 
					3, '7500 ₺', '9500 ₺', '2021-08-24T00:01:01.010101', '2021-09-24', true);
INSERT INTO job_postings VALUES (DEFAULT, 18, 1, 1, 1, 1, 'Lorem ipsum dolor sit amet, consectetur adipiscing elit, sed do eiusmod tempor incididunt ut labore et dolore magna aliqua. Enim diam vulputate ut pharetra. Eu scelerisque felis imperdiet proin fermentum leo vel. Eget mauris pharetra et ultrices neque ornare. Leo a diam sollicitudin tempor id eu nisl. Sed tempus urna et pharetra. Faucibus nisl tincidunt eget nullam non nisi est. Non nisi est sit amet facilisis. Suspendisse faucibus interdum posuere lorem ipsum. At elementum eu facilisis sed odio. Vitae ultricies leo integer malesuada nunc. Orci a scelerisque purus semper eget duis. Egestas integer eget aliquet nibh praesent tristique. Ornare suspendisse sed nisi lacus sed viverra tellus in. Libero justo laoreet sit amet cursus. Tincidunt id aliquet risus feugiat in. Imperdiet sed euismod nisi porta lorem mollis aliquam. Id porta nibh venenatis cras sed felis eget.', 
					1, '7500 ₺', '9500 ₺', '2021-08-25T00:00:01.010101', '2021-09-25', false);
INSERT INTO job_postings VALUES (DEFAULT, 20, 2, 2, 1, 1, 'Lorem ipsum dolor sit amet, consectetur adipiscing elit, sed do eiusmod tempor incididunt ut labore et dolore magna aliqua. Enim diam vulputate ut pharetra. Eu scelerisque felis imperdiet proin fermentum leo vel. Eget mauris pharetra et ultrices neque ornare. Leo a diam sollicitudin tempor id eu nisl. Sed tempus urna et pharetra. Faucibus nisl tincidunt eget nullam non nisi est. Non nisi est sit amet facilisis. Suspendisse faucibus interdum posuere lorem ipsum. At elementum eu facilisis sed odio. Vitae ultricies leo integer malesuada nunc. Orci a scelerisque purus semper eget duis. Egestas integer eget aliquet nibh praesent tristique. Ornare suspendisse sed nisi lacus sed viverra tellus in. Libero justo laoreet sit amet cursus. Tincidunt id aliquet risus feugiat in. Imperdiet sed euismod nisi porta lorem mollis aliquam. Id porta nibh venenatis cras sed felis eget.', 
					2, '7500 ₺', '9500 ₺', '2021-08-26T00:00:01.010101', '2021-09-26', false);
INSERT INTO job_postings VALUES (DEFAULT, 21, 3, 3, 1, 1, 'Lorem ipsum dolor sit amet, consectetur adipiscing elit, sed do eiusmod tempor incididunt ut labore et dolore magna aliqua. Enim diam vulputate ut pharetra. Eu scelerisque felis imperdiet proin fermentum leo vel. Eget mauris pharetra et ultrices neque ornare. Leo a diam sollicitudin tempor id eu nisl. Sed tempus urna et pharetra. Faucibus nisl tincidunt eget nullam non nisi est. Non nisi est sit amet facilisis. Suspendisse faucibus interdum posuere lorem ipsum. At elementum eu facilisis sed odio. Vitae ultricies leo integer malesuada nunc. Orci a scelerisque purus semper eget duis. Egestas integer eget aliquet nibh praesent tristique. Ornare suspendisse sed nisi lacus sed viverra tellus in. Libero justo laoreet sit amet cursus. Tincidunt id aliquet risus feugiat in. Imperdiet sed euismod nisi porta lorem mollis aliquam. Id porta nibh venenatis cras sed felis eget.', 
					3, '7500 ₺', '9500 ₺', '2021-08-27T00:00:01.010101', '2021-09-27', false);

INSERT INTO job_posting_confirmation_types VALUES (DEFAULT, 'Posting Confirmation');
								
INSERT INTO job_posting_confirmations VALUES (DEFAULT, 1, 1, 1, true, '2021-08-02T00:00:01.010101');
INSERT INTO job_posting_confirmations VALUES (DEFAULT, 2, 1, 1, true, '2021-08-02T00:00:01.010101');
INSERT INTO job_posting_confirmations VALUES (DEFAULT, 3, 1, 1, true, '2021-08-14T00:00:01.010101');
INSERT INTO job_posting_confirmations VALUES (DEFAULT, 4, 1, 1, true, '2021-08-14T00:00:01.010101');
INSERT INTO job_posting_confirmations VALUES (DEFAULT, 5, 1, 1, true, '2021-08-03T00:00:01.010101');
INSERT INTO job_posting_confirmations VALUES (DEFAULT, 6, 1, 1, true, '2021-08-03T00:00:01.010101');
INSERT INTO job_posting_confirmations VALUES (DEFAULT, 7, 1, 1, true, '2021-08-15T00:00:01.010101');
INSERT INTO job_posting_confirmations VALUES (DEFAULT, 8, 1, 1, true, '2021-08-15T00:00:01.010101');
INSERT INTO job_posting_confirmations VALUES (DEFAULT, 9, 1, 1, true, '2021-08-04T00:00:01.010101');
INSERT INTO job_posting_confirmations VALUES (DEFAULT, 10, 1, 1, true, '2021-08-04T00:00:01.010101');
INSERT INTO job_posting_confirmations VALUES (DEFAULT, 11, 1, 1, true, '2021-08-16T00:00:01.010101');
INSERT INTO job_posting_confirmations VALUES (DEFAULT, 12, 1, 1, true, '2021-08-16T00:00:01.010101');
INSERT INTO job_posting_confirmations VALUES (DEFAULT, 13, 1, 1, true, '2021-08-05T00:00:01.010101');
INSERT INTO job_posting_confirmations VALUES (DEFAULT, 14, 1, 1, true, '2021-08-05T00:00:01.010101');
INSERT INTO job_posting_confirmations VALUES (DEFAULT, 15, 1, 1, true, '2021-08-17T00:00:01.010101');
INSERT INTO job_posting_confirmations VALUES (DEFAULT, 16, 1, 1, true, '2021-08-17T00:00:01.010101');
INSERT INTO job_posting_confirmations VALUES (DEFAULT, 17, 1, 1, true, '2021-08-06T00:00:01.010101');
INSERT INTO job_posting_confirmations VALUES (DEFAULT, 18, 1, 1, true, '2021-08-06T00:00:01.010101');
INSERT INTO job_posting_confirmations VALUES (DEFAULT, 19, 1, 1, true, '2021-08-18T00:00:01.010101');
INSERT INTO job_posting_confirmations VALUES (DEFAULT, 20, 1, 1, true, '2021-08-18T00:00:01.010101');
INSERT INTO job_posting_confirmations VALUES (DEFAULT, 21, 1, 1, true, '2021-08-07T00:00:01.010101');
INSERT INTO job_posting_confirmations VALUES (DEFAULT, 22, 1, 1, true, '2021-08-07T00:00:01.010101');
INSERT INTO job_posting_confirmations VALUES (DEFAULT, 23, 1, 1, true, '2021-08-19T00:00:01.010101');
INSERT INTO job_posting_confirmations VALUES (DEFAULT, 24, 1, 1, true, '2021-08-19T00:00:01.010101');
INSERT INTO job_posting_confirmations VALUES (DEFAULT, 25, 1, 1, true, '2021-08-08T00:00:01.010101');
INSERT INTO job_posting_confirmations VALUES (DEFAULT, 26, 1, 1, true, '2021-08-08T00:00:01.010101');
INSERT INTO job_posting_confirmations VALUES (DEFAULT, 27, 1, 1, true, '2021-08-20T00:00:01.010101');
INSERT INTO job_posting_confirmations VALUES (DEFAULT, 28, 1, 1, true, '2021-08-20T00:00:01.010101');
INSERT INTO job_posting_confirmations VALUES (DEFAULT, 29, 1, 1, true, '2021-08-09T00:00:01.010101');
INSERT INTO job_posting_confirmations VALUES (DEFAULT, 30, 1, 1, true, '2021-08-09T00:00:01.010101');
INSERT INTO job_posting_confirmations VALUES (DEFAULT, 31, 1, 1, true, '2021-08-21T00:00:01.010101');
INSERT INTO job_posting_confirmations VALUES (DEFAULT, 32, 1, 1, true, '2021-08-21T00:00:01.010101');
INSERT INTO job_posting_confirmations VALUES (DEFAULT, 33, 1, 1, true, '2021-08-10T00:00:01.010101');
INSERT INTO job_posting_confirmations VALUES (DEFAULT, 34, 1, 1, true, '2021-08-10T00:00:01.010101');
INSERT INTO job_posting_confirmations VALUES (DEFAULT, 35, 1, 1, true, '2021-08-22T00:00:01.010101');
INSERT INTO job_posting_confirmations VALUES (DEFAULT, 36, 1, 1, true, '2021-08-22T00:00:01.010101');
INSERT INTO job_posting_confirmations VALUES (DEFAULT, 37, 1, 1, true, '2021-08-11T00:00:01.010101');
INSERT INTO job_posting_confirmations VALUES (DEFAULT, 38, 1, 1, true, '2021-08-11T00:00:01.010101');
INSERT INTO job_posting_confirmations VALUES (DEFAULT, 39, 1, 1, true, '2021-08-23T00:00:01.010101');
INSERT INTO job_posting_confirmations VALUES (DEFAULT, 40, 1, 1, true, '2021-08-23T00:00:01.010101');
INSERT INTO job_posting_confirmations VALUES (DEFAULT, 41, 1, 1, true, '2021-08-12T00:00:01.010101');
INSERT INTO job_posting_confirmations VALUES (DEFAULT, 42, 1, 1, true, '2021-08-12T00:00:01.010101');
INSERT INTO job_posting_confirmations VALUES (DEFAULT, 43, 1, 1, true, '2021-08-24T00:00:01.010101');
INSERT INTO job_posting_confirmations VALUES (DEFAULT, 44, 1, 1, true, '2021-08-24T00:00:01.010101');
INSERT INTO job_posting_confirmations VALUES (DEFAULT, 45, 1, 1, true, '2021-08-13T00:00:01.010101');
INSERT INTO job_posting_confirmations VALUES (DEFAULT, 46, 1, 1, true, '2021-08-13T00:00:01.010101');
INSERT INTO job_posting_confirmations VALUES (DEFAULT, 47, 1, 1, true, '2021-08-25T00:00:01.010101');
INSERT INTO job_posting_confirmations VALUES (DEFAULT, 48, 1, 1, true, '2021-08-25T00:00:01.010101');

INSERT INTO favorite_job_postings VALUES (DEFAULT, 1, 16, '2021-08-03T00:00:01.010101');
INSERT INTO favorite_job_postings VALUES (DEFAULT, 2, 2, '2021-09-03T00:00:01.010101');
INSERT INTO favorite_job_postings VALUES (DEFAULT, 3, 2, '2021-10-03T00:00:01.010101');
INSERT INTO favorite_job_postings VALUES (DEFAULT, 4, 2, '2021-11-03T00:00:01.010101');
INSERT INTO favorite_job_postings VALUES (DEFAULT, 5, 3, '2021-08-04T00:00:01.010101');
INSERT INTO favorite_job_postings VALUES (DEFAULT, 6, 5, '2021-09-04T00:00:01.010101');
INSERT INTO favorite_job_postings VALUES (DEFAULT, 7, 3, '2021-10-04T00:00:01.010101');
INSERT INTO favorite_job_postings VALUES (DEFAULT, 8, 3, '2021-11-04T00:00:01.010101');
INSERT INTO favorite_job_postings VALUES (DEFAULT, 9, 4, '2021-08-05T00:00:01.010101');
INSERT INTO favorite_job_postings VALUES (DEFAULT, 10, 4, '2021-09-05T00:00:01.010101');
INSERT INTO favorite_job_postings VALUES (DEFAULT, 11, 5, '2021-10-05T00:00:01.010101');
INSERT INTO favorite_job_postings VALUES (DEFAULT, 12, 4, '2021-11-05T00:00:01.010101');
INSERT INTO favorite_job_postings VALUES (DEFAULT, 13, 6, '2021-08-06T00:00:01.010101');
INSERT INTO favorite_job_postings VALUES (DEFAULT, 14, 6, '2021-09-06T00:00:01.010101');
INSERT INTO favorite_job_postings VALUES (DEFAULT, 15, 6, '2021-10-06T00:00:01.010101');
INSERT INTO favorite_job_postings VALUES (DEFAULT, 16, 5, '2021-11-06T00:00:01.010101');
INSERT INTO favorite_job_postings VALUES (DEFAULT, 17, 7, '2021-08-07T00:00:01.010101');
INSERT INTO favorite_job_postings VALUES (DEFAULT, 18, 8, '2021-09-07T00:00:01.010101');
INSERT INTO favorite_job_postings VALUES (DEFAULT, 19, 8, '2021-10-07T00:00:01.010101');
INSERT INTO favorite_job_postings VALUES (DEFAULT, 20, 8, '2021-11-07T00:00:01.010101');
INSERT INTO favorite_job_postings VALUES (DEFAULT, 21, 9, '2021-08-08T00:00:01.010101');
INSERT INTO favorite_job_postings VALUES (DEFAULT, 22, 16, '2021-09-08T00:00:01.010101');
INSERT INTO favorite_job_postings VALUES (DEFAULT, 23, 9, '2021-10-08T00:00:01.010101');
INSERT INTO favorite_job_postings VALUES (DEFAULT, 24, 9, '2021-11-08T00:00:01.010101');
INSERT INTO favorite_job_postings VALUES (DEFAULT, 25, 11, '2021-08-09T00:00:01.010101');
INSERT INTO favorite_job_postings VALUES (DEFAULT, 26, 11, '2021-09-09T00:00:01.010101');
INSERT INTO favorite_job_postings VALUES (DEFAULT, 27, 7, '2021-10-09T00:00:01.010101');
INSERT INTO favorite_job_postings VALUES (DEFAULT, 28, 11, '2021-11-09T00:00:01.010101');
INSERT INTO favorite_job_postings VALUES (DEFAULT, 29, 12, '2021-08-10T00:00:01.010101');
INSERT INTO favorite_job_postings VALUES (DEFAULT, 30, 12, '2021-09-10T00:00:01.010101');
INSERT INTO favorite_job_postings VALUES (DEFAULT, 31, 12, '2021-10-10T00:00:01.010101');
INSERT INTO favorite_job_postings VALUES (DEFAULT, 32, 7, '2021-11-10T00:00:01.010101');
INSERT INTO favorite_job_postings VALUES (DEFAULT, 33, 10, '2021-08-11T00:00:01.010101');
INSERT INTO favorite_job_postings VALUES (DEFAULT, 34, 13, '2021-09-11T00:00:01.010101');
INSERT INTO favorite_job_postings VALUES (DEFAULT, 35, 13, '2021-10-11T00:00:01.010101');
INSERT INTO favorite_job_postings VALUES (DEFAULT, 36, 13, '2021-11-11T00:00:01.010101');
INSERT INTO favorite_job_postings VALUES (DEFAULT, 37, 14, '2021-08-12T00:00:01.010101');
INSERT INTO favorite_job_postings VALUES (DEFAULT, 38, 10, '2021-09-12T00:00:01.010101');
INSERT INTO favorite_job_postings VALUES (DEFAULT, 39, 14, '2021-10-12T00:00:01.010101');
INSERT INTO favorite_job_postings VALUES (DEFAULT, 40, 14, '2021-11-12T00:00:01.010101');
INSERT INTO favorite_job_postings VALUES (DEFAULT, 41, 15, '2021-08-13T00:00:01.010101');
INSERT INTO favorite_job_postings VALUES (DEFAULT, 42, 15, '2021-09-13T00:00:01.010101');
INSERT INTO favorite_job_postings VALUES (DEFAULT, 43, 16, '2021-10-13T00:00:01.010101');
INSERT INTO favorite_job_postings VALUES (DEFAULT, 44, 15, '2021-11-13T00:00:01.010101');
INSERT INTO favorite_job_postings VALUES (DEFAULT, 45, 17, '2021-08-14T00:00:01.010101');
INSERT INTO favorite_job_postings VALUES (DEFAULT, 46, 17, '2021-09-14T00:00:01.010101');
INSERT INTO favorite_job_postings VALUES (DEFAULT, 47, 17, '2021-10-14T00:00:01.010101');
INSERT INTO favorite_job_postings VALUES (DEFAULT, 48, 10, '2021-11-14T00:00:01.010101');

INSERT INTO images VALUES (DEFAULT, 2, 'https://res.cloudinary.com/merveucer/image/upload/v1626099422/elliot_i1ws8y.jpg');
INSERT INTO images VALUES (DEFAULT, 3, 'https://res.cloudinary.com/merveucer/image/upload/v1626099423/veronika_venwk9.jpg');
INSERT INTO images VALUES (DEFAULT, 4, 'https://res.cloudinary.com/merveucer/image/upload/v1626099423/steve_xjjmfc.jpg');
INSERT INTO images VALUES (DEFAULT, 6, 'https://res.cloudinary.com/merveucer/image/upload/v1626099422/christian_da5g4r.jpg');
INSERT INTO images VALUES (DEFAULT, 7, 'https://res.cloudinary.com/merveucer/image/upload/v1629182084/zoe_vqjfvh.jpg');
INSERT INTO images VALUES (DEFAULT, 8, 'https://res.cloudinary.com/merveucer/image/upload/v1626099422/laura_wvume8.jpg');
INSERT INTO images VALUES (DEFAULT, 9, 'https://res.cloudinary.com/merveucer/image/upload/v1626099422/justen_f8tuqv.jpg');
INSERT INTO images VALUES (DEFAULT, 11, 'https://res.cloudinary.com/merveucer/image/upload/v1626099422/helen_fxzoum.jpg');
INSERT INTO images VALUES (DEFAULT, 12, 'https://res.cloudinary.com/merveucer/image/upload/v1626099423/molly_h0ocgn.png');
INSERT INTO images VALUES (DEFAULT, 13, 'https://res.cloudinary.com/merveucer/image/upload/v1626099422/joe_bzivgu.jpg');
INSERT INTO images VALUES (DEFAULT, 14, 'https://res.cloudinary.com/merveucer/image/upload/v1626099423/stevie_eio9gl.jpg');
INSERT INTO images VALUES (DEFAULT, 15, 'https://res.cloudinary.com/merveucer/image/upload/v1626099422/jenny_r39uf8.jpg');
INSERT INTO images VALUES (DEFAULT, 16, 'https://res.cloudinary.com/merveucer/image/upload/v1629182084/matthew_eycnse.png');
INSERT INTO images VALUES (DEFAULT, 17, 'https://res.cloudinary.com/merveucer/image/upload/v1628802793/daniel_rrmoze.jpg');

INSERT INTO cover_letters VALUES (DEFAULT, 2, 'coverletter_1', 'Lorem ipsum dolor sit amet, consectetur adipiscing elit, sed do eiusmod tempor incididunt ut labore et dolore magna aliqua. Morbi non arcu risus quis varius. Quisque egestas diam in arcu cursus euismod quis viverra. Sodales ut eu sem integer vitae. Faucibus nisl tincidunt eget nullam non nisi est sit amet. Molestie ac feugiat sed lectus. Viverra aliquet eget sit amet tellus cras.');
INSERT INTO cover_letters VALUES (DEFAULT, 3, 'coverletter_1', 'Lorem ipsum dolor sit amet, consectetur adipiscing elit, sed do eiusmod tempor incididunt ut labore et dolore magna aliqua. Morbi non arcu risus quis varius. Quisque egestas diam in arcu cursus euismod quis viverra. Sodales ut eu sem integer vitae. Faucibus nisl tincidunt eget nullam non nisi est sit amet. Molestie ac feugiat sed lectus. Viverra aliquet eget sit amet tellus cras.');
INSERT INTO cover_letters VALUES (DEFAULT, 4, 'coverletter_1', 'Lorem ipsum dolor sit amet, consectetur adipiscing elit, sed do eiusmod tempor incididunt ut labore et dolore magna aliqua. Morbi non arcu risus quis varius. Quisque egestas diam in arcu cursus euismod quis viverra. Sodales ut eu sem integer vitae. Faucibus nisl tincidunt eget nullam non nisi est sit amet. Molestie ac feugiat sed lectus. Viverra aliquet eget sit amet tellus cras.');
INSERT INTO cover_letters VALUES (DEFAULT, 6, 'coverletter_1', 'Lorem ipsum dolor sit amet, consectetur adipiscing elit, sed do eiusmod tempor incididunt ut labore et dolore magna aliqua. Morbi non arcu risus quis varius. Quisque egestas diam in arcu cursus euismod quis viverra. Sodales ut eu sem integer vitae. Faucibus nisl tincidunt eget nullam non nisi est sit amet. Molestie ac feugiat sed lectus. Viverra aliquet eget sit amet tellus cras.');
INSERT INTO cover_letters VALUES (DEFAULT, 8, 'coverletter_1', 'Lorem ipsum dolor sit amet, consectetur adipiscing elit, sed do eiusmod tempor incididunt ut labore et dolore magna aliqua. Morbi non arcu risus quis varius. Quisque egestas diam in arcu cursus euismod quis viverra. Sodales ut eu sem integer vitae. Faucibus nisl tincidunt eget nullam non nisi est sit amet. Molestie ac feugiat sed lectus. Viverra aliquet eget sit amet tellus cras.');
INSERT INTO cover_letters VALUES (DEFAULT, 9, 'coverletter_1', 'Lorem ipsum dolor sit amet, consectetur adipiscing elit, sed do eiusmod tempor incididunt ut labore et dolore magna aliqua. Morbi non arcu risus quis varius. Quisque egestas diam in arcu cursus euismod quis viverra. Sodales ut eu sem integer vitae. Faucibus nisl tincidunt eget nullam non nisi est sit amet. Molestie ac feugiat sed lectus. Viverra aliquet eget sit amet tellus cras.');
INSERT INTO cover_letters VALUES (DEFAULT, 11, 'coverletter_1', 'Lorem ipsum dolor sit amet, consectetur adipiscing elit, sed do eiusmod tempor incididunt ut labore et dolore magna aliqua. Morbi non arcu risus quis varius. Quisque egestas diam in arcu cursus euismod quis viverra. Sodales ut eu sem integer vitae. Faucibus nisl tincidunt eget nullam non nisi est sit amet. Molestie ac feugiat sed lectus. Viverra aliquet eget sit amet tellus cras.');
INSERT INTO cover_letters VALUES (DEFAULT, 12, 'coverletter_1', 'Lorem ipsum dolor sit amet, consectetur adipiscing elit, sed do eiusmod tempor incididunt ut labore et dolore magna aliqua. Morbi non arcu risus quis varius. Quisque egestas diam in arcu cursus euismod quis viverra. Sodales ut eu sem integer vitae. Faucibus nisl tincidunt eget nullam non nisi est sit amet. Molestie ac feugiat sed lectus. Viverra aliquet eget sit amet tellus cras.');
INSERT INTO cover_letters VALUES (DEFAULT, 13, 'coverletter_1', 'Lorem ipsum dolor sit amet, consectetur adipiscing elit, sed do eiusmod tempor incididunt ut labore et dolore magna aliqua. Morbi non arcu risus quis varius. Quisque egestas diam in arcu cursus euismod quis viverra. Sodales ut eu sem integer vitae. Faucibus nisl tincidunt eget nullam non nisi est sit amet. Molestie ac feugiat sed lectus. Viverra aliquet eget sit amet tellus cras.');
INSERT INTO cover_letters VALUES (DEFAULT, 14, 'coverletter_1', 'Lorem ipsum dolor sit amet, consectetur adipiscing elit, sed do eiusmod tempor incididunt ut labore et dolore magna aliqua. Morbi non arcu risus quis varius. Quisque egestas diam in arcu cursus euismod quis viverra. Sodales ut eu sem integer vitae. Faucibus nisl tincidunt eget nullam non nisi est sit amet. Molestie ac feugiat sed lectus. Viverra aliquet eget sit amet tellus cras.');
INSERT INTO cover_letters VALUES (DEFAULT, 15, 'coverletter_1', 'Lorem ipsum dolor sit amet, consectetur adipiscing elit, sed do eiusmod tempor incididunt ut labore et dolore magna aliqua. Morbi non arcu risus quis varius. Quisque egestas diam in arcu cursus euismod quis viverra. Sodales ut eu sem integer vitae. Faucibus nisl tincidunt eget nullam non nisi est sit amet. Molestie ac feugiat sed lectus. Viverra aliquet eget sit amet tellus cras.');
INSERT INTO cover_letters VALUES (DEFAULT, 17, 'coverletter_1', 'Lorem ipsum dolor sit amet, consectetur adipiscing elit, sed do eiusmod tempor incididunt ut labore et dolore magna aliqua. Morbi non arcu risus quis varius. Quisque egestas diam in arcu cursus euismod quis viverra. Sodales ut eu sem integer vitae. Faucibus nisl tincidunt eget nullam non nisi est sit amet. Molestie ac feugiat sed lectus. Viverra aliquet eget sit amet tellus cras.');
INSERT INTO cover_letters VALUES (DEFAULT, 2, 'coverletter_2', 'Lorem ipsum dolor sit amet, consectetur adipiscing elit, sed do eiusmod tempor incididunt ut labore et dolore magna aliqua. Eleifend quam adipiscing vitae proin. Porta nibh venenatis cras sed felis eget. Tincidunt praesent semper feugiat nibh. Lectus urna duis convallis convallis tellus id interdum. Malesuada fames ac turpis egestas sed tempus urna et. Sed libero enim sed faucibus turpis in.');
INSERT INTO cover_letters VALUES (DEFAULT, 3, 'coverletter_2', 'Lorem ipsum dolor sit amet, consectetur adipiscing elit, sed do eiusmod tempor incididunt ut labore et dolore magna aliqua. Eleifend quam adipiscing vitae proin. Porta nibh venenatis cras sed felis eget. Tincidunt praesent semper feugiat nibh. Lectus urna duis convallis convallis tellus id interdum. Malesuada fames ac turpis egestas sed tempus urna et. Sed libero enim sed faucibus turpis in.');
INSERT INTO cover_letters VALUES (DEFAULT, 4, 'coverletter_2', 'Lorem ipsum dolor sit amet, consectetur adipiscing elit, sed do eiusmod tempor incididunt ut labore et dolore magna aliqua. Eleifend quam adipiscing vitae proin. Porta nibh venenatis cras sed felis eget. Tincidunt praesent semper feugiat nibh. Lectus urna duis convallis convallis tellus id interdum. Malesuada fames ac turpis egestas sed tempus urna et. Sed libero enim sed faucibus turpis in.');
INSERT INTO cover_letters VALUES (DEFAULT, 6, 'coverletter_2', 'Lorem ipsum dolor sit amet, consectetur adipiscing elit, sed do eiusmod tempor incididunt ut labore et dolore magna aliqua. Eleifend quam adipiscing vitae proin. Porta nibh venenatis cras sed felis eget. Tincidunt praesent semper feugiat nibh. Lectus urna duis convallis convallis tellus id interdum. Malesuada fames ac turpis egestas sed tempus urna et. Sed libero enim sed faucibus turpis in.');
INSERT INTO cover_letters VALUES (DEFAULT, 8, 'coverletter_2', 'Lorem ipsum dolor sit amet, consectetur adipiscing elit, sed do eiusmod tempor incididunt ut labore et dolore magna aliqua. Eleifend quam adipiscing vitae proin. Porta nibh venenatis cras sed felis eget. Tincidunt praesent semper feugiat nibh. Lectus urna duis convallis convallis tellus id interdum. Malesuada fames ac turpis egestas sed tempus urna et. Sed libero enim sed faucibus turpis in.');
INSERT INTO cover_letters VALUES (DEFAULT, 9, 'coverletter_2', 'Lorem ipsum dolor sit amet, consectetur adipiscing elit, sed do eiusmod tempor incididunt ut labore et dolore magna aliqua. Eleifend quam adipiscing vitae proin. Porta nibh venenatis cras sed felis eget. Tincidunt praesent semper feugiat nibh. Lectus urna duis convallis convallis tellus id interdum. Malesuada fames ac turpis egestas sed tempus urna et. Sed libero enim sed faucibus turpis in.');
INSERT INTO cover_letters VALUES (DEFAULT, 11, 'coverletter_2', 'Lorem ipsum dolor sit amet, consectetur adipiscing elit, sed do eiusmod tempor incididunt ut labore et dolore magna aliqua. Eleifend quam adipiscing vitae proin. Porta nibh venenatis cras sed felis eget. Tincidunt praesent semper feugiat nibh. Lectus urna duis convallis convallis tellus id interdum. Malesuada fames ac turpis egestas sed tempus urna et. Sed libero enim sed faucibus turpis in.');
INSERT INTO cover_letters VALUES (DEFAULT, 12, 'coverletter_2', 'Lorem ipsum dolor sit amet, consectetur adipiscing elit, sed do eiusmod tempor incididunt ut labore et dolore magna aliqua. Eleifend quam adipiscing vitae proin. Porta nibh venenatis cras sed felis eget. Tincidunt praesent semper feugiat nibh. Lectus urna duis convallis convallis tellus id interdum. Malesuada fames ac turpis egestas sed tempus urna et. Sed libero enim sed faucibus turpis in.');
INSERT INTO cover_letters VALUES (DEFAULT, 13, 'coverletter_2', 'Lorem ipsum dolor sit amet, consectetur adipiscing elit, sed do eiusmod tempor incididunt ut labore et dolore magna aliqua. Eleifend quam adipiscing vitae proin. Porta nibh venenatis cras sed felis eget. Tincidunt praesent semper feugiat nibh. Lectus urna duis convallis convallis tellus id interdum. Malesuada fames ac turpis egestas sed tempus urna et. Sed libero enim sed faucibus turpis in.');
INSERT INTO cover_letters VALUES (DEFAULT, 14, 'coverletter_2', 'Lorem ipsum dolor sit amet, consectetur adipiscing elit, sed do eiusmod tempor incididunt ut labore et dolore magna aliqua. Eleifend quam adipiscing vitae proin. Porta nibh venenatis cras sed felis eget. Tincidunt praesent semper feugiat nibh. Lectus urna duis convallis convallis tellus id interdum. Malesuada fames ac turpis egestas sed tempus urna et. Sed libero enim sed faucibus turpis in.');
INSERT INTO cover_letters VALUES (DEFAULT, 15, 'coverletter_2', 'Lorem ipsum dolor sit amet, consectetur adipiscing elit, sed do eiusmod tempor incididunt ut labore et dolore magna aliqua. Eleifend quam adipiscing vitae proin. Porta nibh venenatis cras sed felis eget. Tincidunt praesent semper feugiat nibh. Lectus urna duis convallis convallis tellus id interdum. Malesuada fames ac turpis egestas sed tempus urna et. Sed libero enim sed faucibus turpis in.');
INSERT INTO cover_letters VALUES (DEFAULT, 17, 'coverletter_2', 'Lorem ipsum dolor sit amet, consectetur adipiscing elit, sed do eiusmod tempor incididunt ut labore et dolore magna aliqua. Eleifend quam adipiscing vitae proin. Porta nibh venenatis cras sed felis eget. Tincidunt praesent semper feugiat nibh. Lectus urna duis convallis convallis tellus id interdum. Malesuada fames ac turpis egestas sed tempus urna et. Sed libero enim sed faucibus turpis in.');

INSERT INTO resumes VALUES (DEFAULT, 2, 1, '2021-07-02T00:00:01.010101');
INSERT INTO resumes VALUES (DEFAULT, 3, 2, '2021-07-03T00:00:01.010101');
INSERT INTO resumes VALUES (DEFAULT, 4, 3, '2021-07-04T00:00:01.010101');
INSERT INTO resumes VALUES (DEFAULT, 5, null, '2021-07-05T00:00:01.010101');
INSERT INTO resumes VALUES (DEFAULT, 6, 4, '2021-07-06T00:00:01.010101');
INSERT INTO resumes VALUES (DEFAULT, 7, null, '2021-07-07T00:00:01.010101');
INSERT INTO resumes VALUES (DEFAULT, 8, 5, '2021-07-08T00:00:01.010101');
INSERT INTO resumes VALUES (DEFAULT, 9, 6, '2021-07-09T00:00:01.010101');
INSERT INTO resumes VALUES (DEFAULT, 10, null, '2021-07-10T00:00:01.010101');
INSERT INTO resumes VALUES (DEFAULT, 11, 7, '2021-07-11T00:00:01.010101');
INSERT INTO resumes VALUES (DEFAULT, 12, 8, '2021-07-12T00:00:01.010101');
INSERT INTO resumes VALUES (DEFAULT, 13, 9, '2021-07-13T00:00:01.010101');
INSERT INTO resumes VALUES (DEFAULT, 14, 10, '2021-07-14T00:00:01.010101');
INSERT INTO resumes VALUES (DEFAULT, 15, 11, '2021-07-15T00:00:01.010101');
INSERT INTO resumes VALUES (DEFAULT, 16, null, '2021-07-16T00:00:01.010101');
INSERT INTO resumes VALUES (DEFAULT, 17, 12, '2021-07-17T00:00:01.010101');

INSERT INTO educations VALUES (DEFAULT, 1, 'University of Cambridge', 'Computer Science and Technology', 'Bachelor Degree', '09-09-2000', '06-06-2005');
INSERT INTO educations VALUES (DEFAULT, 2, 'Massachusetts Institute of Technology', 'Data, System and Society', 'Bachelor Degree', '09-09-2001', '06-06-2006');
INSERT INTO educations VALUES (DEFAULT, 3, 'Harvard University', 'Electrical Engineering', 'Bachelor Degree', '09-09-2002', '06-06-2007');
INSERT INTO educations VALUES (DEFAULT, 5, 'University of Oxford', 'Engineering Science', 'Bachelor Degree', '09-09-2003', '06-06-2008');
INSERT INTO educations VALUES (DEFAULT, 7, 'University of Toronto', 'Mechanical & Industrial Engineering', 'Bachelor Degree', '09-09-2004', '06-06-2009');
INSERT INTO educations VALUES (DEFAULT, 8, 'National University of Singapore', 'Electrical & Computer Engineering', 'Bachelor Degree', '09-09-2005', '06-06-2010');
INSERT INTO educations VALUES (DEFAULT, 10, 'Technical University of Munich', 'Mathematics', 'Bachelor Degree', '09-09-2006', '06-06-2011');
INSERT INTO educations VALUES (DEFAULT, 11, 'Florence Institute of Design International', ' Graphic Design', 'Bachelor Degree', '09-09-2007', '06-06-2012');
INSERT INTO educations VALUES (DEFAULT, 12, 'McGill University', 'Mathematics and Statistics', 'Bachelor Degree', '09-09-2008', '06-06-2013');
INSERT INTO educations VALUES (DEFAULT, 13, 'The University of Tokyo', 'Information Science', 'Bachelor Degree', '09-09-2009', '06-06-2014');
INSERT INTO educations VALUES (DEFAULT, 14, 'Wimbledon College of Arts', 'Creative Computing', 'Bachelor Degree', '09-09-2010', '06-06-2015');
INSERT INTO educations VALUES (DEFAULT, 16, 'California Institute of Technology', 'Computer Science', 'Bachelor Degree', '09-09-2011', '06-06-2016');

INSERT INTO experiences VALUES (DEFAULT, 1, 2, 'Extra Documentation Co', '09-09-2005', '07-07-2010');
INSERT INTO experiences VALUES (DEFAULT, 1, 2, 'Onset Software', '11-11-2010', null);
INSERT INTO experiences VALUES (DEFAULT, 2, 9, 'Sustain Spot', '09-09-2006', '07-07-2011');
INSERT INTO experiences VALUES (DEFAULT, 2, 9, 'Farewell Software', '11-11-2011', null);
INSERT INTO experiences VALUES (DEFAULT, 3, 1, 'Further', '09-09-2007', '07-07-2012');
INSERT INTO experiences VALUES (DEFAULT, 3, 1, 'The Online', '11-11-2012', null);
INSERT INTO experiences VALUES (DEFAULT, 5, 10, 'The Quality Computing', '09-09-2008', '07-07-2013');
INSERT INTO experiences VALUES (DEFAULT, 5, 10, 'Portal Collective', '11-11-2013', null);
INSERT INTO experiences VALUES (DEFAULT, 7, 6, 'Critical Informatics Place', '09-09-2009', '07-07-2014');
INSERT INTO experiences VALUES (DEFAULT, 7, 6, 'Overwhelming', '11-11-2014', null);
INSERT INTO experiences VALUES (DEFAULT, 8, 3, 'Deal Group', '09-09-2010', '07-07-2015');
INSERT INTO experiences VALUES (DEFAULT, 8, 3, 'Special Spooler', '11-11-2015', null);
INSERT INTO experiences VALUES (DEFAULT, 10, 7, 'The Wonderful', '09-09-2011', '07-07-2016');
INSERT INTO experiences VALUES (DEFAULT, 10, 7, 'Dynamic', '11-11-2016', null);
INSERT INTO experiences VALUES (DEFAULT, 11, 8, 'Conventional Tool Collective', '09-09-2012', '07-07-2017');
INSERT INTO experiences VALUES (DEFAULT, 11, 8, 'Underpin Trading Co', '11-11-2017', null);
INSERT INTO experiences VALUES (DEFAULT, 12, 11, 'Integrated', '09-09-2013', '07-07-2018');
INSERT INTO experiences VALUES (DEFAULT, 12, 11, 'The Considerable', '11-11-2018', null);
INSERT INTO experiences VALUES (DEFAULT, 13, 5, 'Mathematical Firmware', '09-09-2014', '07-07-2019');
INSERT INTO experiences VALUES (DEFAULT, 13, 5, 'Related', '11-11-2019', null);
INSERT INTO experiences VALUES (DEFAULT, 14, 4, 'Diagnostic ', '09-09-2015', '07-07-2020');
INSERT INTO experiences VALUES (DEFAULT, 14, 4, 'Winning Widget', '11-11-2020', null);
INSERT INTO experiences VALUES (DEFAULT, 16, 12, 'Substantial ', '09-09-2016', '07-07-2021');
INSERT INTO experiences VALUES (DEFAULT, 16, 12, 'The Party', '11-11-2021', null);

INSERT INTO languages VALUES (DEFAULT, 'Turkish');
INSERT INTO languages VALUES (DEFAULT, 'English');
INSERT INTO languages VALUES (DEFAULT, 'Spanish');
INSERT INTO languages VALUES (DEFAULT, 'French');
INSERT INTO languages VALUES (DEFAULT, 'Japanese');
INSERT INTO languages VALUES (DEFAULT, 'Korean');
INSERT INTO languages VALUES (DEFAULT, 'Italian');

INSERT INTO levels VALUES (DEFAULT, 'Level 1');
INSERT INTO levels VALUES (DEFAULT, 'Level 2');
INSERT INTO levels VALUES (DEFAULT, 'Level 3');
INSERT INTO levels VALUES (DEFAULT, 'Level 4');
INSERT INTO levels VALUES (DEFAULT, 'Level 5');

INSERT INTO language_levels VALUES (DEFAULT, 1, 1, 5);
INSERT INTO language_levels VALUES (DEFAULT, 1, 2, 5);
INSERT INTO language_levels VALUES (DEFAULT, 1, 6, 3);
INSERT INTO language_levels VALUES (DEFAULT, 2, 1, 5);
INSERT INTO language_levels VALUES (DEFAULT, 2, 2, 5);
INSERT INTO language_levels VALUES (DEFAULT, 2, 6, 3);
INSERT INTO language_levels VALUES (DEFAULT, 3, 1, 5);
INSERT INTO language_levels VALUES (DEFAULT, 3, 2, 5);
INSERT INTO language_levels VALUES (DEFAULT, 3, 6, 3);
INSERT INTO language_levels VALUES (DEFAULT, 5, 1, 5);
INSERT INTO language_levels VALUES (DEFAULT, 5, 2, 5);
INSERT INTO language_levels VALUES (DEFAULT, 5, 6, 3);
INSERT INTO language_levels VALUES (DEFAULT, 7, 1, 5);
INSERT INTO language_levels VALUES (DEFAULT, 7, 2, 5);
INSERT INTO language_levels VALUES (DEFAULT, 7, 6, 2);
INSERT INTO language_levels VALUES (DEFAULT, 8, 1, 5);
INSERT INTO language_levels VALUES (DEFAULT, 8, 2, 5);
INSERT INTO language_levels VALUES (DEFAULT, 8, 6, 3);
INSERT INTO language_levels VALUES (DEFAULT, 10, 1, 5);
INSERT INTO language_levels VALUES (DEFAULT, 10, 2, 5);
INSERT INTO language_levels VALUES (DEFAULT, 10, 6, 3);
INSERT INTO language_levels VALUES (DEFAULT, 11, 1, 5);
INSERT INTO language_levels VALUES (DEFAULT, 11, 2, 5);
INSERT INTO language_levels VALUES (DEFAULT, 11, 6, 3);
INSERT INTO language_levels VALUES (DEFAULT, 12, 1, 5);
INSERT INTO language_levels VALUES (DEFAULT, 12, 2, 5);
INSERT INTO language_levels VALUES (DEFAULT, 12, 6, 3);
INSERT INTO language_levels VALUES (DEFAULT, 13, 1, 5);
INSERT INTO language_levels VALUES (DEFAULT, 13, 2, 5);
INSERT INTO language_levels VALUES (DEFAULT, 13, 6, 3);
INSERT INTO language_levels VALUES (DEFAULT, 14, 1, 5);
INSERT INTO language_levels VALUES (DEFAULT, 14, 2, 5);
INSERT INTO language_levels VALUES (DEFAULT, 14, 6, 3);
INSERT INTO language_levels VALUES (DEFAULT, 16, 1, 5);
INSERT INTO language_levels VALUES (DEFAULT, 16, 2, 5);
INSERT INTO language_levels VALUES (DEFAULT, 16, 6, 3);

INSERT INTO link_names VALUES (DEFAULT, 'GitHub');
INSERT INTO link_names VALUES (DEFAULT, 'LinkedIn');

INSERT INTO links VALUES (DEFAULT, 1, 1, 'https://github.com/merveucer');
INSERT INTO links VALUES (DEFAULT, 1, 2, 'https://www.linkedin.com/in/merveucer/');
INSERT INTO links VALUES (DEFAULT, 2, 2, 'https://www.linkedin.com/in/merveucer/');
INSERT INTO links VALUES (DEFAULT, 3, 1, 'https://github.com/merveucer');
INSERT INTO links VALUES (DEFAULT, 3, 2, 'https://www.linkedin.com/in/merveucer/');
INSERT INTO links VALUES (DEFAULT, 5, 2, 'https://www.linkedin.com/in/merveucer/');
INSERT INTO links VALUES (DEFAULT, 7, 1, 'https://github.com/merveucer');
INSERT INTO links VALUES (DEFAULT, 7, 2, 'https://www.linkedin.com/in/merveucer/');
INSERT INTO links VALUES (DEFAULT, 8, 1, 'https://github.com/merveucer');
INSERT INTO links VALUES (DEFAULT, 8, 2, 'https://www.linkedin.com/in/merveucer/');
INSERT INTO links VALUES (DEFAULT, 10, 1, 'https://github.com/merveucer');
INSERT INTO links VALUES (DEFAULT, 10, 2, 'https://www.linkedin.com/in/merveucer/');
INSERT INTO links VALUES (DEFAULT, 11, 2, 'https://www.linkedin.com/in/merveucer/');
INSERT INTO links VALUES (DEFAULT, 12, 2, 'https://www.linkedin.com/in/merveucer/');
INSERT INTO links VALUES (DEFAULT, 13, 1, 'https://github.com/merveucer');
INSERT INTO links VALUES (DEFAULT, 13, 2, 'https://www.linkedin.com/in/merveucer/');
INSERT INTO links VALUES (DEFAULT, 14, 1, 'https://github.com/merveucer');
INSERT INTO links VALUES (DEFAULT, 14, 2, 'https://www.linkedin.com/in/merveucer/');
INSERT INTO links VALUES (DEFAULT, 16, 1, 'https://github.com/merveucer');
INSERT INTO links VALUES (DEFAULT, 16, 2, 'https://www.linkedin.com/in/merveucer/');

INSERT INTO skills VALUES (DEFAULT, 1, 'Java');
INSERT INTO skills VALUES (DEFAULT, 1, 'JavaScript');
INSERT INTO skills VALUES (DEFAULT, 1, 'TypeScript');
INSERT INTO skills VALUES (DEFAULT, 2, 'Oracle');
INSERT INTO skills VALUES (DEFAULT, 2, 'MySQL');
INSERT INTO skills VALUES (DEFAULT, 2, 'PostgreSQL');
INSERT INTO skills VALUES (DEFAULT, 3, '.NET');
INSERT INTO skills VALUES (DEFAULT, 3, 'C++');
INSERT INTO skills VALUES (DEFAULT, 3, 'C');
INSERT INTO skills VALUES (DEFAULT, 5, 'Scrum');
INSERT INTO skills VALUES (DEFAULT, 5, 'DevOps');
INSERT INTO skills VALUES (DEFAULT, 5, 'Java');
INSERT INTO skills VALUES (DEFAULT, 7, 'Python');
INSERT INTO skills VALUES (DEFAULT, 7, 'SciPy');
INSERT INTO skills VALUES (DEFAULT, 7, 'Theano');
INSERT INTO skills VALUES (DEFAULT, 8, 'Java');
INSERT INTO skills VALUES (DEFAULT, 8, 'Spring Boot');
INSERT INTO skills VALUES (DEFAULT, 8, 'JavaScript');
INSERT INTO skills VALUES (DEFAULT, 10, 'C#');
INSERT INTO skills VALUES (DEFAULT, 10, 'JavaScript');
INSERT INTO skills VALUES (DEFAULT, 10, 'Java');
INSERT INTO skills VALUES (DEFAULT, 11, 'Photoshop');
INSERT INTO skills VALUES (DEFAULT, 11, 'Illustrator');
INSERT INTO skills VALUES (DEFAULT, 11, 'InDesign');
INSERT INTO skills VALUES (DEFAULT, 12, 'Post-quantum Cryptography');
INSERT INTO skills VALUES (DEFAULT, 12, 'Elliptic Curve Cryptography');
INSERT INTO skills VALUES (DEFAULT, 12, 'Finite Field Cryptography');
INSERT INTO skills VALUES (DEFAULT, 13, 'Kotlin');
INSERT INTO skills VALUES (DEFAULT, 13, 'Scala');
INSERT INTO skills VALUES (DEFAULT, 13, 'Java');
INSERT INTO skills VALUES (DEFAULT, 14, 'React');
INSERT INTO skills VALUES (DEFAULT, 14, 'Angular');
INSERT INTO skills VALUES (DEFAULT, 14, 'Vue');
INSERT INTO skills VALUES (DEFAULT, 16, 'C#');
INSERT INTO skills VALUES (DEFAULT, 16, 'Java');
INSERT INTO skills VALUES (DEFAULT, 16, 'Kotlin');

END;